<?xml version="1.0" encoding="utf-8"?>
<!--/15413742/727024/2.50/2/3/Diode ESD (Bi-directional)/-->
<quadcept_library>
  <setting unit="mil" />
  <textstyle name="Default" height="47.244094488189" strokewidth="7.8740157480315" charwidth="47.244094488189" />
  <textstyle name="Dimension" height="19.6850393700787" strokewidth="0" charwidth="19.6850393700787" />
  <textstyle name="H127W0635TH00762" height="50" strokewidth="3" charwidth="25" />
  <textstyle name="H15W15TH02" height="59.0551181102362" strokewidth="7.8740157480315" charwidth="59.0551181102362" />
  <padstyle name="r65_50" surface="True" plated="False" isvia="False" nopaste="False" nomask="True" complex="False" holesize="0">
    <padshape layer="TOP" shape="rectangle" width="19.685039370078" height="25.590551181102" />
    <padshape layer="TOP_SOLDER_MASK" shape="rectangle" width="27.55905511811" height="33.464566929133" />
    <padshape layer="TOP_SOLDER_PASTE" shape="rectangle" width="19.685039370078" height="25.590551181102" />
  </padstyle>
  <footprint name="ESDPSA0402V05" originx="0" originy="0" pickpointx="0" pickpointy="0">
    <pcbpin number="1" name="1" style="r65_50" originx="-17.716535433071" originy="0" rotation="0" />
    <pcbpin number="2" name="2" style="r65_50" originx="17.716535433071" originy="0" rotation="0" />
    <line layer="TOP_ASSEMBLY" originx="-20.669291338582" originy="10.826771653543" endx="20.669291338582" endy="10.826771653543" width="3.9370078740157" />
    <line layer="TOP_ASSEMBLY" originx="20.669291338582" originy="10.826771653543" endx="20.669291338582" endy="-10.826771653543" width="3.9370078740157" />
    <line layer="TOP_ASSEMBLY" originx="20.669291338582" originy="-10.826771653543" endx="-20.669291338582" endy="-10.826771653543" width="3.9370078740157" />
    <line layer="TOP_ASSEMBLY" originx="-20.669291338582" originy="-10.826771653543" endx="-20.669291338582" endy="10.826771653543" width="3.9370078740157" />
    <line layer="TOP_PLACE_BOUND" originx="-66.929133858267" originy="52.165354330708" endx="66.929133858267" endy="52.165354330708" width="3.9370078740157" />
    <line layer="TOP_PLACE_BOUND" originx="66.929133858267" originy="52.165354330708" endx="66.929133858267" endy="-52.165354330708" width="3.9370078740157" />
    <line layer="TOP_PLACE_BOUND" originx="66.929133858267" originy="-52.165354330708" endx="-66.929133858267" endy="-52.165354330708" width="3.9370078740157" />
    <line layer="TOP_PLACE_BOUND" originx="-66.929133858267" originy="-52.165354330708" endx="-66.929133858267" endy="52.165354330708" width="3.9370078740157" />
    <line layer="TOP_SILKSCREEN" originx="-47.244094488188" originy="0" endx="-47.244094488188" endy="0" width="3.9370078740157" />
    <arc layer="TOP_SILKSCREEN" originx="-45.275590551181" originy="0" startangle="180.0" sweepangle="180.0" radius="1.9685039370079" width="3.9370078740157" />
    <line layer="TOP_SILKSCREEN" originx="-43.307086614173" originy="0" endx="-43.307086614173" endy="0" width="3.9370078740157" />
    <arc layer="TOP_SILKSCREEN" originx="-45.275590551181" originy="0" startangle=".0" sweepangle="180.0" radius="1.9685039370079" width="3.9370078740157" />
  </footprint>
  <symbol name="ESDPSA0402V05" originx="0" originy="0">
    <line originx="400" originy="0" endx="200" endy="-100" width="0" />
    <line originx="200" originy="100" endx="200" endy="-100" width="0" />
    <line originx="200" originy="100" endx="400" endy="0" width="0" />
    <line originx="400" originy="0" endx="600" endy="-100" width="0" />
    <line originx="600" originy="100" endx="600" endy="-100" width="0" />
    <line originx="600" originy="100" endx="400" endy="0" width="0" />
    <line originx="400" originy="-180" endx="400" endy="180" width="0" />
    <line originx="440" originy="200" endx="400" endy="180" width="0" />
    <line originx="400" originy="-180" endx="360" endy="-200" width="0" />
    <sympin number="1" originx="200" originy="0" rotation="180" length="100" width="7.8740157480315" flipped="False">
      <text name="pinname" originx="0" originy="-20" style="Default" rotation="0" justify="upperleft" flipped="False" hidden="True" data="K1" />
      <text name="pindes" originx="0" originy="20" style="Default" rotation="0" justify="lowerleft" flipped="False" hidden="False" data="1" />
    </sympin>
    <sympin number="2" originx="600" originy="0" rotation="0" length="100" width="7.8740157480315" flipped="False">
      <text name="pinname" originx="800" originy="-20" style="Default" rotation="0" justify="upperright" flipped="False" hidden="True" data="K2" />
      <text name="pindes" originx="800" originy="20" style="Default" rotation="0" justify="lowerright" flipped="False" hidden="False" data="2" />
    </sympin>
  </symbol>
  <component name="ESDPSA0402V05" designatorprefix="D" height="17.716535433071" footprint="ESDPSA0402V05">
    <comppin designator="1" sympin="1" pinswap="0" gateswap="0" gate="1" group="1" side="" type="Any" name="K1" />
    <comppin designator="2" sympin="2" pinswap="0" gateswap="0" gate="1" group="1" side="" type="Any" name="K2" />
    <attached_symbol gate="1" name="ESDPSA0402V05" />
    <pinmap designator="1" footprintpin="1" />
    <pinmap designator="2" footprintpin="2" />
    <text name="Datasheet" originx="0" originy="0" style="Default" rotation="0" justify="" flipped="False" hidden="True" data="https://4donline.ihs.com/images/VipMasterIC/IC/GOAE/GOAE-S-A0000149384/GOAE-S-A0000149384-1.pdf?hkey=EF798316E3902B6ED9A73243A3159BB0" />
    <text name="Description" originx="0" originy="0" style="Default" rotation="0" justify="" flipped="False" hidden="True" data="Polymer ESD Suppressor" />
    <text name="Manufacturer_Name" originx="0" originy="0" style="Default" rotation="0" justify="" flipped="False" hidden="True" data="Good-Ark" />
    <text name="Manufacturer_Part_Number" originx="600" originy="250" style="Default" rotation="0" justify="lowerleft" flipped="False" hidden="False" data="ESDPSA0402V05" />
    <text name="Mouser Part Number" originx="0" originy="0" style="Default" rotation="0" justify="" flipped="False" hidden="True" data="" />
    <text name="Mouser Price/Stock" originx="0" originy="0" style="Default" rotation="0" justify="" flipped="False" hidden="True" data="" />
    <text name="Arrow Part Number" originx="0" originy="0" style="Default" rotation="0" justify="" flipped="False" hidden="True" data="" />
    <text name="Arrow Price/Stock" originx="0" originy="0" style="Default" rotation="0" justify="" flipped="False" hidden="True" data="" />
  </component>
</quadcept_library>
