<?xml version="1.0" encoding="utf-8"?>
<!--/933986/727024/2.50/12/4/Integrated Circuit/-->
<quadcept_library>
  <setting unit="mil" />
  <textstyle name="Default" height="47.244094488189" strokewidth="7.8740157480315" charwidth="47.244094488189" />
  <textstyle name="Dimension" height="19.6850393700787" strokewidth="0" charwidth="19.6850393700787" />
  <textstyle name="H127W0635TH00762" height="50" strokewidth="3" charwidth="25" />
  <textstyle name="H15W15TH02" height="59.0551181102362" strokewidth="7.8740157480315" charwidth="59.0551181102362" />
  <padstyle name="r56.3_20" surface="True" plated="False" isvia="False" nopaste="False" nomask="True" complex="False" holesize="0">
    <padshape layer="TOP" shape="rectangle" width="7.8740157480314" height="22.165354330708" />
    <padshape layer="TOP_SOLDER_MASK" shape="rectangle" width="15.748031496063" height="30.03937007874" />
    <padshape layer="TOP_SOLDER_PASTE" shape="rectangle" width="7.8740157480314" height="22.165354330708" />
  </padstyle>
  <padstyle name="r58.8_20" surface="True" plated="False" isvia="False" nopaste="False" nomask="True" complex="False" holesize="0">
    <padshape layer="TOP" shape="rectangle" width="7.8740157480314" height="23.149606299212" />
    <padshape layer="TOP_SOLDER_MASK" shape="rectangle" width="15.748031496063" height="31.023622047244" />
    <padshape layer="TOP_SOLDER_PASTE" shape="rectangle" width="7.8740157480314" height="23.149606299212" />
  </padstyle>
  <footprint name="FSA2275AUMX" originx="0" originy="0" pickpointx="0" pickpointy="0">
    <pcbpin number="1" name="1" style="r58.8_20" originx="-29.763779527559" originy="7.8740157480314" rotation="90" />
    <pcbpin number="2" name="2" style="r58.8_20" originx="-29.763779527559" originy="-7.8740157480314" rotation="90" />
    <pcbpin number="3" name="3" style="r56.3_20" originx="-23.622047244094" originy="-30.275590551181" rotation="0" />
    <pcbpin number="4" name="4" style="r56.3_20" originx="-7.8740157480314" originy="-30.275590551181" rotation="0" />
    <pcbpin number="5" name="5" style="r56.3_20" originx="7.8740157480314" originy="-30.275590551181" rotation="0" />
    <pcbpin number="6" name="6" style="r56.3_20" originx="23.622047244094" originy="-30.275590551181" rotation="0" />
    <pcbpin number="7" name="7" style="r58.8_20" originx="29.763779527559" originy="-7.8740157480314" rotation="90" />
    <pcbpin number="8" name="8" style="r58.8_20" originx="29.763779527559" originy="7.8740157480314" rotation="90" />
    <pcbpin number="9" name="9" style="r56.3_20" originx="23.622047244094" originy="30.275590551181" rotation="0" />
    <pcbpin number="10" name="10" style="r56.3_20" originx="7.8740157480314" originy="30.275590551181" rotation="0" />
    <pcbpin number="11" name="11" style="r56.3_20" originx="-7.8740157480314" originy="30.275590551181" rotation="0" />
    <pcbpin number="12" name="12" style="r56.3_20" originx="-23.622047244094" originy="30.275590551181" rotation="0" />
    <line layer="TOP_ASSEMBLY" originx="-35.433070866141" originy="35.433070866141" endx="35.433070866141" endy="35.433070866141" width="7.8740157480314" />
    <line layer="TOP_ASSEMBLY" originx="35.433070866141" originy="35.433070866141" endx="35.433070866141" endy="-35.433070866141" width="7.8740157480314" />
    <line layer="TOP_ASSEMBLY" originx="35.433070866141" originy="-35.433070866141" endx="-35.433070866141" endy="-35.433070866141" width="7.8740157480314" />
    <line layer="TOP_ASSEMBLY" originx="-35.433070866141" originy="-35.433070866141" endx="-35.433070866141" endy="35.433070866141" width="7.8740157480314" />
    <line layer="TOP_PLACE_BOUND" originx="-96.456692913385" originy="81.220472440944" endx="80.708661417322" endy="81.220472440944" width="3.9370078740157" />
    <line layer="TOP_PLACE_BOUND" originx="80.708661417322" originy="81.220472440944" endx="80.708661417322" endy="-81.220472440944" width="3.9370078740157" />
    <line layer="TOP_PLACE_BOUND" originx="80.708661417322" originy="-81.220472440944" endx="-96.456692913385" endy="-81.220472440944" width="3.9370078740157" />
    <line layer="TOP_PLACE_BOUND" originx="-96.456692913385" originy="-81.220472440944" endx="-96.456692913385" endy="81.220472440944" width="3.9370078740157" />
    <line layer="TOP_SILKSCREEN" originx="-55.11811023622" originy="7.8740157480314" endx="-55.11811023622" endy="7.8740157480314" width="3.9370078740157" />
    <arc layer="TOP_SILKSCREEN" originx="-55.11811023622" originy="9.8425196850392" startangle="-90.0" sweepangle="180.0" radius="1.9685039370078" width="3.9370078740157" />
    <line layer="TOP_SILKSCREEN" originx="-55.11811023622" originy="11.811023622047" endx="-55.11811023622" endy="11.811023622047" width="3.9370078740157" />
    <arc layer="TOP_SILKSCREEN" originx="-55.11811023622" originy="9.8425196850392" startangle="90.0" sweepangle="180.0" radius="1.9685039370078" width="3.9370078740157" />
  </footprint>
  <symbol name="FSA2275AUMX" originx="0" originy="0">
    <line originx="200" originy="300" endx="1000" endy="300" width="0" />
    <line originx="1000" originy="-600" endx="1000" endy="300" width="0" />
    <line originx="1000" originy="-600" endx="200" endy="-600" width="0" />
    <line originx="200" originy="300" endx="200" endy="-600" width="0" />
    <sympin number="1" originx="200" originy="0" rotation="180" length="100" width="7.8740157480315" flipped="False">
      <text name="pinname" originx="230" originy="0" style="Default" rotation="0" justify="left" flipped="False" hidden="False" data="VDD" />
      <text name="pindes" originx="140" originy="20" style="Default" rotation="0" justify="lowerright" flipped="False" hidden="False" data="1" />
    </sympin>
    <sympin number="2" originx="200" originy="-100" rotation="180" length="100" width="7.8740157480315" flipped="False">
      <text name="pinname" originx="230" originy="-100" style="Default" rotation="0" justify="left" flipped="False" hidden="False" data="C_EXT" />
      <text name="pindes" originx="140" originy="-80" style="Default" rotation="0" justify="lowerright" flipped="False" hidden="False" data="2" />
    </sympin>
    <sympin number="3" originx="400" originy="-600" rotation="270" length="100" width="7.8740157480315" flipped="False">
      <text name="pinname" originx="400" originy="-570" style="Default" rotation="0" justify="left" flipped="False" hidden="False" data="GND_1" />
      <text name="pindes" originx="380" originy="-660" style="Default" rotation="0" justify="lowerright" flipped="False" hidden="False" data="3" />
    </sympin>
    <sympin number="4" originx="500" originy="-600" rotation="270" length="100" width="7.8740157480315" flipped="False">
      <text name="pinname" originx="500" originy="-570" style="Default" rotation="0" justify="left" flipped="False" hidden="False" data="LSPKR" />
      <text name="pindes" originx="480" originy="-660" style="Default" rotation="0" justify="lowerright" flipped="False" hidden="False" data="4" />
    </sympin>
    <sympin number="5" originx="600" originy="-600" rotation="270" length="100" width="7.8740157480315" flipped="False">
      <text name="pinname" originx="600" originy="-570" style="Default" rotation="0" justify="left" flipped="False" hidden="False" data="RSPKR" />
      <text name="pindes" originx="580" originy="-660" style="Default" rotation="0" justify="lowerright" flipped="False" hidden="False" data="5" />
    </sympin>
    <sympin number="6" originx="700" originy="-600" rotation="270" length="100" width="7.8740157480315" flipped="False">
      <text name="pinname" originx="700" originy="-570" style="Default" rotation="0" justify="left" flipped="False" hidden="False" data="SEL" />
      <text name="pindes" originx="680" originy="-660" style="Default" rotation="0" justify="lowerright" flipped="False" hidden="False" data="6" />
    </sympin>
    <sympin number="7" originx="1000" originy="-100" rotation="0" length="100" width="7.8740157480315" flipped="False">
      <text name="pinname" originx="970" originy="-100" style="Default" rotation="0" justify="right" flipped="False" hidden="False" data="MUTE" />
      <text name="pindes" originx="1060" originy="-80" style="Default" rotation="0" justify="lowerleft" flipped="False" hidden="False" data="7" />
    </sympin>
    <sympin number="8" originx="1000" originy="0" rotation="0" length="100" width="7.8740157480315" flipped="False">
      <text name="pinname" originx="970" originy="0" style="Default" rotation="0" justify="right" flipped="False" hidden="False" data="GND_2" />
      <text name="pindes" originx="1060" originy="20" style="Default" rotation="0" justify="lowerleft" flipped="False" hidden="False" data="8" />
    </sympin>
    <sympin number="9" originx="700" originy="300" rotation="90" length="100" width="7.8740157480315" flipped="False">
      <text name="pinname" originx="700" originy="270" style="Default" rotation="0" justify="right" flipped="False" hidden="False" data="R2" />
      <text name="pindes" originx="680" originy="360" style="Default" rotation="0" justify="lowerleft" flipped="False" hidden="False" data="9" />
    </sympin>
    <sympin number="10" originx="600" originy="300" rotation="90" length="100" width="7.8740157480315" flipped="False">
      <text name="pinname" originx="600" originy="270" style="Default" rotation="0" justify="right" flipped="False" hidden="False" data="R1" />
      <text name="pindes" originx="580" originy="360" style="Default" rotation="0" justify="lowerleft" flipped="False" hidden="False" data="10" />
    </sympin>
    <sympin number="11" originx="500" originy="300" rotation="90" length="100" width="7.8740157480315" flipped="False">
      <text name="pinname" originx="500" originy="270" style="Default" rotation="0" justify="right" flipped="False" hidden="False" data="L2" />
      <text name="pindes" originx="480" originy="360" style="Default" rotation="0" justify="lowerleft" flipped="False" hidden="False" data="11" />
    </sympin>
    <sympin number="12" originx="400" originy="300" rotation="90" length="100" width="7.8740157480315" flipped="False">
      <text name="pinname" originx="400" originy="270" style="Default" rotation="0" justify="right" flipped="False" hidden="False" data="L1" />
      <text name="pindes" originx="380" originy="360" style="Default" rotation="0" justify="lowerleft" flipped="False" hidden="False" data="12" />
    </sympin>
  </symbol>
  <component name="FSA2275AUMX" designatorprefix="IC" height="23.622047244094" footprint="FSA2275AUMX">
    <comppin designator="1" sympin="1" pinswap="0" gateswap="0" gate="1" group="1" side="" type="Any" name="VDD" />
    <comppin designator="2" sympin="2" pinswap="0" gateswap="0" gate="1" group="1" side="" type="Any" name="C_EXT" />
    <comppin designator="3" sympin="3" pinswap="0" gateswap="0" gate="1" group="1" side="" type="Any" name="GND_1" />
    <comppin designator="4" sympin="4" pinswap="0" gateswap="0" gate="1" group="1" side="" type="Any" name="LSPKR" />
    <comppin designator="5" sympin="5" pinswap="0" gateswap="0" gate="1" group="1" side="" type="Any" name="RSPKR" />
    <comppin designator="6" sympin="6" pinswap="0" gateswap="0" gate="1" group="1" side="" type="Any" name="SEL" />
    <comppin designator="7" sympin="7" pinswap="0" gateswap="0" gate="1" group="1" side="" type="Any" name="MUTE" />
    <comppin designator="8" sympin="8" pinswap="0" gateswap="0" gate="1" group="1" side="" type="Any" name="GND_2" />
    <comppin designator="9" sympin="9" pinswap="0" gateswap="0" gate="1" group="1" side="" type="Any" name="R2" />
    <comppin designator="10" sympin="10" pinswap="0" gateswap="0" gate="1" group="1" side="" type="Any" name="R1" />
    <comppin designator="11" sympin="11" pinswap="0" gateswap="0" gate="1" group="1" side="" type="Any" name="L2" />
    <comppin designator="12" sympin="12" pinswap="0" gateswap="0" gate="1" group="1" side="" type="Any" name="L1" />
    <attached_symbol gate="1" name="FSA2275AUMX" />
    <pinmap designator="1" footprintpin="1" />
    <pinmap designator="2" footprintpin="2" />
    <pinmap designator="3" footprintpin="3" />
    <pinmap designator="4" footprintpin="4" />
    <pinmap designator="5" footprintpin="5" />
    <pinmap designator="6" footprintpin="6" />
    <pinmap designator="7" footprintpin="7" />
    <pinmap designator="8" footprintpin="8" />
    <pinmap designator="9" footprintpin="9" />
    <pinmap designator="10" footprintpin="10" />
    <pinmap designator="11" footprintpin="11" />
    <pinmap designator="12" footprintpin="12" />
    <text name="Datasheet" originx="0" originy="0" style="Default" rotation="0" justify="" flipped="False" hidden="True" data="https://www.onsemi.com/pub/Collateral/FSA2275A-D.pdf" />
    <text name="Description" originx="0" originy="0" style="Default" rotation="0" justify="" flipped="False" hidden="True" data="ON Semiconductor FSA2275AUMX, Audio Switch IC DPDT, 3.3 V dc, 12-Pin UMLP" />
    <text name="Manufacturer_Name" originx="0" originy="0" style="Default" rotation="0" justify="" flipped="False" hidden="True" data="onsemi" />
    <text name="Manufacturer_Part_Number" originx="1050" originy="400" style="Default" rotation="0" justify="left" flipped="False" hidden="False" data="FSA2275AUMX" />
    <text name="Mouser Part Number" originx="0" originy="0" style="Default" rotation="0" justify="" flipped="False" hidden="True" data="512-FSA2275AUMX" />
    <text name="Mouser Price/Stock" originx="0" originy="0" style="Default" rotation="0" justify="" flipped="False" hidden="True" data="https://www.mouser.co.uk/ProductDetail/ON-Semiconductor-Fairchild/FSA2275AUMX?qs=Mv7BduZupUhxHdQdUdEuNg%3D%3D" />
    <text name="Arrow Part Number" originx="0" originy="0" style="Default" rotation="0" justify="" flipped="False" hidden="True" data="FSA2275AUMX" />
    <text name="Arrow Price/Stock" originx="0" originy="0" style="Default" rotation="0" justify="" flipped="False" hidden="True" data="https://www.arrow.com/en/products/fsa2275aumx/on-semiconductor" />
  </component>
</quadcept_library>
