<?xml version="1.0" encoding="utf-8"?>
<!--/1584271/727024/2.50/129/3/Integrated Circuit/-->
<quadcept_library>
  <setting unit="mil" />
  <textstyle name="Default" height="47.244094488189" strokewidth="7.8740157480315" charwidth="47.244094488189" />
  <textstyle name="Dimension" height="19.6850393700787" strokewidth="0" charwidth="19.6850393700787" />
  <textstyle name="H127W0635TH00762" height="50" strokewidth="3" charwidth="25" />
  <textstyle name="H15W15TH02" height="59.0551181102362" strokewidth="7.8740157480315" charwidth="59.0551181102362" />
  <padstyle name="r147.5_20" surface="True" plated="False" isvia="False" nopaste="False" nomask="True" complex="False" holesize="0">
    <padshape layer="TOP" shape="rectangle" width="7.8740157480314" height="58.070866141732" />
    <padshape layer="TOP_SOLDER_MASK" shape="rectangle" width="15.748031496063" height="65.944881889763" />
    <padshape layer="TOP_SOLDER_PASTE" shape="rectangle" width="7.8740157480314" height="58.070866141732" />
  </padstyle>
  <padstyle name="r500_500" surface="True" plated="False" isvia="False" nopaste="False" nomask="True" complex="False" holesize="0">
    <padshape layer="TOP" shape="rectangle" width="196.85039370078" height="196.85039370078" />
    <padshape layer="TOP_SOLDER_MASK" shape="rectangle" width="204.72440944882" height="204.72440944882" />
    <padshape layer="TOP_SOLDER_PASTE" shape="rectangle" width="196.85039370078" height="196.85039370078" />
  </padstyle>
  <footprint name="QFP40P1600X1600X120-129N" originx="0" originy="0" pickpointx="0" pickpointy="0">
    <pcbpin number="1" name="1" style="r147.5_20" originx="-304.64566929133" originy="244.09448818897" rotation="90" />
    <pcbpin number="2" name="2" style="r147.5_20" originx="-304.64566929133" originy="228.34645669291" rotation="90" />
    <pcbpin number="3" name="3" style="r147.5_20" originx="-304.64566929133" originy="212.59842519685" rotation="90" />
    <pcbpin number="4" name="4" style="r147.5_20" originx="-304.64566929133" originy="196.85039370078" rotation="90" />
    <pcbpin number="5" name="5" style="r147.5_20" originx="-304.64566929133" originy="181.10236220472" rotation="90" />
    <pcbpin number="6" name="6" style="r147.5_20" originx="-304.64566929133" originy="165.35433070866" rotation="90" />
    <pcbpin number="7" name="7" style="r147.5_20" originx="-304.64566929133" originy="149.6062992126" rotation="90" />
    <pcbpin number="8" name="8" style="r147.5_20" originx="-304.64566929133" originy="133.85826771653" rotation="90" />
    <pcbpin number="9" name="9" style="r147.5_20" originx="-304.64566929133" originy="118.11023622047" rotation="90" />
    <pcbpin number="10" name="10" style="r147.5_20" originx="-304.64566929133" originy="102.36220472441" rotation="90" />
    <pcbpin number="11" name="11" style="r147.5_20" originx="-304.64566929133" originy="86.614173228345" rotation="90" />
    <pcbpin number="12" name="12" style="r147.5_20" originx="-304.64566929133" originy="70.866141732283" rotation="90" />
    <pcbpin number="13" name="13" style="r147.5_20" originx="-304.64566929133" originy="55.11811023622" rotation="90" />
    <pcbpin number="14" name="14" style="r147.5_20" originx="-304.64566929133" originy="39.370078740157" rotation="90" />
    <pcbpin number="15" name="15" style="r147.5_20" originx="-304.64566929133" originy="23.622047244094" rotation="90" />
    <pcbpin number="16" name="16" style="r147.5_20" originx="-304.64566929133" originy="7.8740157480314" rotation="90" />
    <pcbpin number="17" name="17" style="r147.5_20" originx="-304.64566929133" originy="-7.8740157480314" rotation="90" />
    <pcbpin number="18" name="18" style="r147.5_20" originx="-304.64566929133" originy="-23.622047244094" rotation="90" />
    <pcbpin number="19" name="19" style="r147.5_20" originx="-304.64566929133" originy="-39.370078740157" rotation="90" />
    <pcbpin number="20" name="20" style="r147.5_20" originx="-304.64566929133" originy="-55.11811023622" rotation="90" />
    <pcbpin number="21" name="21" style="r147.5_20" originx="-304.64566929133" originy="-70.866141732283" rotation="90" />
    <pcbpin number="22" name="22" style="r147.5_20" originx="-304.64566929133" originy="-86.614173228345" rotation="90" />
    <pcbpin number="23" name="23" style="r147.5_20" originx="-304.64566929133" originy="-102.36220472441" rotation="90" />
    <pcbpin number="24" name="24" style="r147.5_20" originx="-304.64566929133" originy="-118.11023622047" rotation="90" />
    <pcbpin number="25" name="25" style="r147.5_20" originx="-304.64566929133" originy="-133.85826771653" rotation="90" />
    <pcbpin number="26" name="26" style="r147.5_20" originx="-304.64566929133" originy="-149.6062992126" rotation="90" />
    <pcbpin number="27" name="27" style="r147.5_20" originx="-304.64566929133" originy="-165.35433070866" rotation="90" />
    <pcbpin number="28" name="28" style="r147.5_20" originx="-304.64566929133" originy="-181.10236220472" rotation="90" />
    <pcbpin number="29" name="29" style="r147.5_20" originx="-304.64566929133" originy="-196.85039370078" rotation="90" />
    <pcbpin number="30" name="30" style="r147.5_20" originx="-304.64566929133" originy="-212.59842519685" rotation="90" />
    <pcbpin number="31" name="31" style="r147.5_20" originx="-304.64566929133" originy="-228.34645669291" rotation="90" />
    <pcbpin number="32" name="32" style="r147.5_20" originx="-304.64566929133" originy="-244.09448818897" rotation="90" />
    <pcbpin number="33" name="33" style="r147.5_20" originx="-244.09448818897" originy="-304.64566929133" rotation="0" />
    <pcbpin number="34" name="34" style="r147.5_20" originx="-228.34645669291" originy="-304.64566929133" rotation="0" />
    <pcbpin number="35" name="35" style="r147.5_20" originx="-212.59842519685" originy="-304.64566929133" rotation="0" />
    <pcbpin number="36" name="36" style="r147.5_20" originx="-196.85039370078" originy="-304.64566929133" rotation="0" />
    <pcbpin number="37" name="37" style="r147.5_20" originx="-181.10236220472" originy="-304.64566929133" rotation="0" />
    <pcbpin number="38" name="38" style="r147.5_20" originx="-165.35433070866" originy="-304.64566929133" rotation="0" />
    <pcbpin number="39" name="39" style="r147.5_20" originx="-149.6062992126" originy="-304.64566929133" rotation="0" />
    <pcbpin number="40" name="40" style="r147.5_20" originx="-133.85826771653" originy="-304.64566929133" rotation="0" />
    <pcbpin number="41" name="41" style="r147.5_20" originx="-118.11023622047" originy="-304.64566929133" rotation="0" />
    <pcbpin number="42" name="42" style="r147.5_20" originx="-102.36220472441" originy="-304.64566929133" rotation="0" />
    <pcbpin number="43" name="43" style="r147.5_20" originx="-86.614173228345" originy="-304.64566929133" rotation="0" />
    <pcbpin number="44" name="44" style="r147.5_20" originx="-70.866141732283" originy="-304.64566929133" rotation="0" />
    <pcbpin number="45" name="45" style="r147.5_20" originx="-55.11811023622" originy="-304.64566929133" rotation="0" />
    <pcbpin number="46" name="46" style="r147.5_20" originx="-39.370078740157" originy="-304.64566929133" rotation="0" />
    <pcbpin number="47" name="47" style="r147.5_20" originx="-23.622047244094" originy="-304.64566929133" rotation="0" />
    <pcbpin number="48" name="48" style="r147.5_20" originx="-7.8740157480314" originy="-304.64566929133" rotation="0" />
    <pcbpin number="49" name="49" style="r147.5_20" originx="7.8740157480314" originy="-304.64566929133" rotation="0" />
    <pcbpin number="50" name="50" style="r147.5_20" originx="23.622047244094" originy="-304.64566929133" rotation="0" />
    <pcbpin number="51" name="51" style="r147.5_20" originx="39.370078740157" originy="-304.64566929133" rotation="0" />
    <pcbpin number="52" name="52" style="r147.5_20" originx="55.11811023622" originy="-304.64566929133" rotation="0" />
    <pcbpin number="53" name="53" style="r147.5_20" originx="70.866141732283" originy="-304.64566929133" rotation="0" />
    <pcbpin number="54" name="54" style="r147.5_20" originx="86.614173228345" originy="-304.64566929133" rotation="0" />
    <pcbpin number="55" name="55" style="r147.5_20" originx="102.36220472441" originy="-304.64566929133" rotation="0" />
    <pcbpin number="56" name="56" style="r147.5_20" originx="118.11023622047" originy="-304.64566929133" rotation="0" />
    <pcbpin number="57" name="57" style="r147.5_20" originx="133.85826771653" originy="-304.64566929133" rotation="0" />
    <pcbpin number="58" name="58" style="r147.5_20" originx="149.6062992126" originy="-304.64566929133" rotation="0" />
    <pcbpin number="59" name="59" style="r147.5_20" originx="165.35433070866" originy="-304.64566929133" rotation="0" />
    <pcbpin number="60" name="60" style="r147.5_20" originx="181.10236220472" originy="-304.64566929133" rotation="0" />
    <pcbpin number="61" name="61" style="r147.5_20" originx="196.85039370078" originy="-304.64566929133" rotation="0" />
    <pcbpin number="62" name="62" style="r147.5_20" originx="212.59842519685" originy="-304.64566929133" rotation="0" />
    <pcbpin number="63" name="63" style="r147.5_20" originx="228.34645669291" originy="-304.64566929133" rotation="0" />
    <pcbpin number="64" name="64" style="r147.5_20" originx="244.09448818897" originy="-304.64566929133" rotation="0" />
    <pcbpin number="65" name="65" style="r147.5_20" originx="304.64566929133" originy="-244.09448818897" rotation="90" />
    <pcbpin number="66" name="66" style="r147.5_20" originx="304.64566929133" originy="-228.34645669291" rotation="90" />
    <pcbpin number="67" name="67" style="r147.5_20" originx="304.64566929133" originy="-212.59842519685" rotation="90" />
    <pcbpin number="68" name="68" style="r147.5_20" originx="304.64566929133" originy="-196.85039370078" rotation="90" />
    <pcbpin number="69" name="69" style="r147.5_20" originx="304.64566929133" originy="-181.10236220472" rotation="90" />
    <pcbpin number="70" name="70" style="r147.5_20" originx="304.64566929133" originy="-165.35433070866" rotation="90" />
    <pcbpin number="71" name="71" style="r147.5_20" originx="304.64566929133" originy="-149.6062992126" rotation="90" />
    <pcbpin number="72" name="72" style="r147.5_20" originx="304.64566929133" originy="-133.85826771653" rotation="90" />
    <pcbpin number="73" name="73" style="r147.5_20" originx="304.64566929133" originy="-118.11023622047" rotation="90" />
    <pcbpin number="74" name="74" style="r147.5_20" originx="304.64566929133" originy="-102.36220472441" rotation="90" />
    <pcbpin number="75" name="75" style="r147.5_20" originx="304.64566929133" originy="-86.614173228345" rotation="90" />
    <pcbpin number="76" name="76" style="r147.5_20" originx="304.64566929133" originy="-70.866141732283" rotation="90" />
    <pcbpin number="77" name="77" style="r147.5_20" originx="304.64566929133" originy="-55.11811023622" rotation="90" />
    <pcbpin number="78" name="78" style="r147.5_20" originx="304.64566929133" originy="-39.370078740157" rotation="90" />
    <pcbpin number="79" name="79" style="r147.5_20" originx="304.64566929133" originy="-23.622047244094" rotation="90" />
    <pcbpin number="80" name="80" style="r147.5_20" originx="304.64566929133" originy="-7.8740157480314" rotation="90" />
    <pcbpin number="81" name="81" style="r147.5_20" originx="304.64566929133" originy="7.8740157480314" rotation="90" />
    <pcbpin number="82" name="82" style="r147.5_20" originx="304.64566929133" originy="23.622047244094" rotation="90" />
    <pcbpin number="83" name="83" style="r147.5_20" originx="304.64566929133" originy="39.370078740157" rotation="90" />
    <pcbpin number="84" name="84" style="r147.5_20" originx="304.64566929133" originy="55.11811023622" rotation="90" />
    <pcbpin number="85" name="85" style="r147.5_20" originx="304.64566929133" originy="70.866141732283" rotation="90" />
    <pcbpin number="86" name="86" style="r147.5_20" originx="304.64566929133" originy="86.614173228345" rotation="90" />
    <pcbpin number="87" name="87" style="r147.5_20" originx="304.64566929133" originy="102.36220472441" rotation="90" />
    <pcbpin number="88" name="88" style="r147.5_20" originx="304.64566929133" originy="118.11023622047" rotation="90" />
    <pcbpin number="89" name="89" style="r147.5_20" originx="304.64566929133" originy="133.85826771653" rotation="90" />
    <pcbpin number="90" name="90" style="r147.5_20" originx="304.64566929133" originy="149.6062992126" rotation="90" />
    <pcbpin number="91" name="91" style="r147.5_20" originx="304.64566929133" originy="165.35433070866" rotation="90" />
    <pcbpin number="92" name="92" style="r147.5_20" originx="304.64566929133" originy="181.10236220472" rotation="90" />
    <pcbpin number="93" name="93" style="r147.5_20" originx="304.64566929133" originy="196.85039370078" rotation="90" />
    <pcbpin number="94" name="94" style="r147.5_20" originx="304.64566929133" originy="212.59842519685" rotation="90" />
    <pcbpin number="95" name="95" style="r147.5_20" originx="304.64566929133" originy="228.34645669291" rotation="90" />
    <pcbpin number="96" name="96" style="r147.5_20" originx="304.64566929133" originy="244.09448818897" rotation="90" />
    <pcbpin number="97" name="97" style="r147.5_20" originx="244.09448818897" originy="304.64566929133" rotation="0" />
    <pcbpin number="98" name="98" style="r147.5_20" originx="228.34645669291" originy="304.64566929133" rotation="0" />
    <pcbpin number="99" name="99" style="r147.5_20" originx="212.59842519685" originy="304.64566929133" rotation="0" />
    <pcbpin number="100" name="100" style="r147.5_20" originx="196.85039370078" originy="304.64566929133" rotation="0" />
    <pcbpin number="101" name="101" style="r147.5_20" originx="181.10236220472" originy="304.64566929133" rotation="0" />
    <pcbpin number="102" name="102" style="r147.5_20" originx="165.35433070866" originy="304.64566929133" rotation="0" />
    <pcbpin number="103" name="103" style="r147.5_20" originx="149.6062992126" originy="304.64566929133" rotation="0" />
    <pcbpin number="104" name="104" style="r147.5_20" originx="133.85826771653" originy="304.64566929133" rotation="0" />
    <pcbpin number="105" name="105" style="r147.5_20" originx="118.11023622047" originy="304.64566929133" rotation="0" />
    <pcbpin number="106" name="106" style="r147.5_20" originx="102.36220472441" originy="304.64566929133" rotation="0" />
    <pcbpin number="107" name="107" style="r147.5_20" originx="86.614173228345" originy="304.64566929133" rotation="0" />
    <pcbpin number="108" name="108" style="r147.5_20" originx="70.866141732283" originy="304.64566929133" rotation="0" />
    <pcbpin number="109" name="109" style="r147.5_20" originx="55.11811023622" originy="304.64566929133" rotation="0" />
    <pcbpin number="110" name="110" style="r147.5_20" originx="39.370078740157" originy="304.64566929133" rotation="0" />
    <pcbpin number="111" name="111" style="r147.5_20" originx="23.622047244094" originy="304.64566929133" rotation="0" />
    <pcbpin number="112" name="112" style="r147.5_20" originx="7.8740157480314" originy="304.64566929133" rotation="0" />
    <pcbpin number="113" name="113" style="r147.5_20" originx="-7.8740157480314" originy="304.64566929133" rotation="0" />
    <pcbpin number="114" name="114" style="r147.5_20" originx="-23.622047244094" originy="304.64566929133" rotation="0" />
    <pcbpin number="115" name="115" style="r147.5_20" originx="-39.370078740157" originy="304.64566929133" rotation="0" />
    <pcbpin number="116" name="116" style="r147.5_20" originx="-55.11811023622" originy="304.64566929133" rotation="0" />
    <pcbpin number="117" name="117" style="r147.5_20" originx="-70.866141732283" originy="304.64566929133" rotation="0" />
    <pcbpin number="118" name="118" style="r147.5_20" originx="-86.614173228345" originy="304.64566929133" rotation="0" />
    <pcbpin number="119" name="119" style="r147.5_20" originx="-102.36220472441" originy="304.64566929133" rotation="0" />
    <pcbpin number="120" name="120" style="r147.5_20" originx="-118.11023622047" originy="304.64566929133" rotation="0" />
    <pcbpin number="121" name="121" style="r147.5_20" originx="-133.85826771653" originy="304.64566929133" rotation="0" />
    <pcbpin number="122" name="122" style="r147.5_20" originx="-149.6062992126" originy="304.64566929133" rotation="0" />
    <pcbpin number="123" name="123" style="r147.5_20" originx="-165.35433070866" originy="304.64566929133" rotation="0" />
    <pcbpin number="124" name="124" style="r147.5_20" originx="-181.10236220472" originy="304.64566929133" rotation="0" />
    <pcbpin number="125" name="125" style="r147.5_20" originx="-196.85039370078" originy="304.64566929133" rotation="0" />
    <pcbpin number="126" name="126" style="r147.5_20" originx="-212.59842519685" originy="304.64566929133" rotation="0" />
    <pcbpin number="127" name="127" style="r147.5_20" originx="-228.34645669291" originy="304.64566929133" rotation="0" />
    <pcbpin number="128" name="128" style="r147.5_20" originx="-244.09448818897" originy="304.64566929133" rotation="0" />
    <pcbpin number="129" name="129" style="r500_500" originx="0" originy="0" rotation="0" />
    <line layer="TOP_PLACE_BOUND" originx="-343.50393700787" originy="343.50393700787" endx="343.50393700787" endy="343.50393700787" width="1.9685039370079" />
    <line layer="TOP_PLACE_BOUND" originx="343.50393700787" originy="343.50393700787" endx="343.50393700787" endy="-343.50393700787" width="1.9685039370079" />
    <line layer="TOP_PLACE_BOUND" originx="343.50393700787" originy="-343.50393700787" endx="-343.50393700787" endy="-343.50393700787" width="1.9685039370079" />
    <line layer="TOP_PLACE_BOUND" originx="-343.50393700787" originy="-343.50393700787" endx="-343.50393700787" endy="343.50393700787" width="1.9685039370079" />
    <line layer="TOP_ASSEMBLY" originx="-275.5905511811" originy="275.5905511811" endx="275.5905511811" endy="275.5905511811" width="3.9370078740157" />
    <line layer="TOP_ASSEMBLY" originx="275.5905511811" originy="275.5905511811" endx="275.5905511811" endy="-275.5905511811" width="3.9370078740157" />
    <line layer="TOP_ASSEMBLY" originx="275.5905511811" originy="-275.5905511811" endx="-275.5905511811" endy="-275.5905511811" width="3.9370078740157" />
    <line layer="TOP_ASSEMBLY" originx="-275.5905511811" originy="-275.5905511811" endx="-275.5905511811" endy="275.5905511811" width="3.9370078740157" />
    <line layer="TOP_ASSEMBLY" originx="-275.5905511811" originy="259.84251968504" endx="-259.84251968504" endy="275.5905511811" width="3.9370078740157" />
    <arc layer="TOP_SILKSCREEN" originx="-325.7874015748" originy="267.71653543307" startangle="180" sweepangle="180" radius="3.9370078740157" width="7.8740157480314" />
    <arc layer="TOP_SILKSCREEN" originx="-325.7874015748" originy="267.71653543307" startangle="180" sweepangle="-180" radius="3.9370078740157" width="7.8740157480314" />
  </footprint>
  <symbol name="XVF3000-TQ128-C" originx="0" originy="0">
    <line originx="200" originy="600" endx="3600" endy="600" width="0" />
    <line originx="3600" originy="-3800" endx="3600" endy="600" width="0" />
    <line originx="3600" originy="-3800" endx="200" endy="-3800" width="0" />
    <line originx="200" originy="600" endx="200" endy="-3800" width="0" />
    <sympin number="1" originx="200" originy="0" rotation="180" length="100" width="7.8740157480315" flipped="False">
      <text name="pinname" originx="230" originy="0" style="Default" rotation="0" justify="left" flipped="False" hidden="False" data="TDO" />
      <text name="pindes" originx="140" originy="20" style="Default" rotation="0" justify="lowerright" flipped="False" hidden="False" data="1" />
    </sympin>
    <sympin number="2" originx="200" originy="-100" rotation="180" length="100" width="7.8740157480315" flipped="False">
      <text name="pinname" originx="230" originy="-100" style="Default" rotation="0" justify="left" flipped="False" hidden="False" data="TDI" />
      <text name="pindes" originx="140" originy="-80" style="Default" rotation="0" justify="lowerright" flipped="False" hidden="False" data="2" />
    </sympin>
    <sympin number="3" originx="200" originy="-200" rotation="180" length="100" width="7.8740157480315" flipped="False">
      <text name="pinname" originx="230" originy="-200" style="Default" rotation="0" justify="left" flipped="False" hidden="False" data="X0D36" />
      <text name="pindes" originx="140" originy="-180" style="Default" rotation="0" justify="lowerright" flipped="False" hidden="False" data="3" />
    </sympin>
    <sympin number="4" originx="200" originy="-300" rotation="180" length="100" width="7.8740157480315" flipped="False">
      <text name="pinname" originx="230" originy="-300" style="Default" rotation="0" justify="left" flipped="False" hidden="False" data="X0D37" />
      <text name="pindes" originx="140" originy="-280" style="Default" rotation="0" justify="lowerright" flipped="False" hidden="False" data="4" />
    </sympin>
    <sympin number="5" originx="200" originy="-400" rotation="180" length="100" width="7.8740157480315" flipped="False">
      <text name="pinname" originx="230" originy="-400" style="Default" rotation="0" justify="left" flipped="False" hidden="False" data="X0D38" />
      <text name="pindes" originx="140" originy="-380" style="Default" rotation="0" justify="lowerright" flipped="False" hidden="False" data="5" />
    </sympin>
    <sympin number="6" originx="200" originy="-500" rotation="180" length="100" width="7.8740157480315" flipped="False">
      <text name="pinname" originx="230" originy="-500" style="Default" rotation="0" justify="left" flipped="False" hidden="False" data="VDDIOL_1" />
      <text name="pindes" originx="140" originy="-480" style="Default" rotation="0" justify="lowerright" flipped="False" hidden="False" data="6" />
    </sympin>
    <sympin number="7" originx="200" originy="-600" rotation="180" length="100" width="7.8740157480315" flipped="False">
      <text name="pinname" originx="230" originy="-600" style="Default" rotation="0" justify="left" flipped="False" hidden="False" data="X0D39" />
      <text name="pindes" originx="140" originy="-580" style="Default" rotation="0" justify="lowerright" flipped="False" hidden="False" data="7" />
    </sympin>
    <sympin number="8" originx="200" originy="-700" rotation="180" length="100" width="7.8740157480315" flipped="False">
      <text name="pinname" originx="230" originy="-700" style="Default" rotation="0" justify="left" flipped="False" hidden="False" data="X0D40" />
      <text name="pindes" originx="140" originy="-680" style="Default" rotation="0" justify="lowerright" flipped="False" hidden="False" data="8" />
    </sympin>
    <sympin number="9" originx="200" originy="-800" rotation="180" length="100" width="7.8740157480315" flipped="False">
      <text name="pinname" originx="230" originy="-800" style="Default" rotation="0" justify="left" flipped="False" hidden="False" data="X0D41" />
      <text name="pindes" originx="140" originy="-780" style="Default" rotation="0" justify="lowerright" flipped="False" hidden="False" data="9" />
    </sympin>
    <sympin number="10" originx="200" originy="-900" rotation="180" length="100" width="7.8740157480315" flipped="False">
      <text name="pinname" originx="230" originy="-900" style="Default" rotation="0" justify="left" flipped="False" hidden="False" data="X0D42" />
      <text name="pindes" originx="140" originy="-880" style="Default" rotation="0" justify="lowerright" flipped="False" hidden="False" data="10" />
    </sympin>
    <sympin number="11" originx="200" originy="-1000" rotation="180" length="100" width="7.8740157480315" flipped="False">
      <text name="pinname" originx="230" originy="-1000" style="Default" rotation="0" justify="left" flipped="False" hidden="False" data="VDD_1" />
      <text name="pindes" originx="140" originy="-980" style="Default" rotation="0" justify="lowerright" flipped="False" hidden="False" data="11" />
    </sympin>
    <sympin number="12" originx="200" originy="-1100" rotation="180" length="100" width="7.8740157480315" flipped="False">
      <text name="pinname" originx="230" originy="-1100" style="Default" rotation="0" justify="left" flipped="False" hidden="False" data="X0D43" />
      <text name="pindes" originx="140" originy="-1080" style="Default" rotation="0" justify="lowerright" flipped="False" hidden="False" data="12" />
    </sympin>
    <sympin number="13" originx="200" originy="-1200" rotation="180" length="100" width="7.8740157480315" flipped="False">
      <text name="pinname" originx="230" originy="-1200" style="Default" rotation="0" justify="left" flipped="False" hidden="False" data="X1D35" />
      <text name="pindes" originx="140" originy="-1180" style="Default" rotation="0" justify="lowerright" flipped="False" hidden="False" data="13" />
    </sympin>
    <sympin number="14" originx="200" originy="-1300" rotation="180" length="100" width="7.8740157480315" flipped="False">
      <text name="pinname" originx="230" originy="-1300" style="Default" rotation="0" justify="left" flipped="False" hidden="False" data="VDDIOL_2" />
      <text name="pindes" originx="140" originy="-1280" style="Default" rotation="0" justify="lowerright" flipped="False" hidden="False" data="14" />
    </sympin>
    <sympin number="15" originx="200" originy="-1400" rotation="180" length="100" width="7.8740157480315" flipped="False">
      <text name="pinname" originx="230" originy="-1400" style="Default" rotation="0" justify="left" flipped="False" hidden="False" data="X1D36" />
      <text name="pindes" originx="140" originy="-1380" style="Default" rotation="0" justify="lowerright" flipped="False" hidden="False" data="15" />
    </sympin>
    <sympin number="16" originx="200" originy="-1500" rotation="180" length="100" width="7.8740157480315" flipped="False">
      <text name="pinname" originx="230" originy="-1500" style="Default" rotation="0" justify="left" flipped="False" hidden="False" data="VDD_2" />
      <text name="pindes" originx="140" originy="-1480" style="Default" rotation="0" justify="lowerright" flipped="False" hidden="False" data="16" />
    </sympin>
    <sympin number="17" originx="200" originy="-1600" rotation="180" length="100" width="7.8740157480315" flipped="False">
      <text name="pinname" originx="230" originy="-1600" style="Default" rotation="0" justify="left" flipped="False" hidden="False" data="VDD_3" />
      <text name="pindes" originx="140" originy="-1580" style="Default" rotation="0" justify="lowerright" flipped="False" hidden="False" data="17" />
    </sympin>
    <sympin number="18" originx="200" originy="-1700" rotation="180" length="100" width="7.8740157480315" flipped="False">
      <text name="pinname" originx="230" originy="-1700" style="Default" rotation="0" justify="left" flipped="False" hidden="False" data="X1D37" />
      <text name="pindes" originx="140" originy="-1680" style="Default" rotation="0" justify="lowerright" flipped="False" hidden="False" data="18" />
    </sympin>
    <sympin number="19" originx="200" originy="-1800" rotation="180" length="100" width="7.8740157480315" flipped="False">
      <text name="pinname" originx="230" originy="-1800" style="Default" rotation="0" justify="left" flipped="False" hidden="False" data="VDDIOL_3" />
      <text name="pindes" originx="140" originy="-1780" style="Default" rotation="0" justify="lowerright" flipped="False" hidden="False" data="19" />
    </sympin>
    <sympin number="20" originx="200" originy="-1900" rotation="180" length="100" width="7.8740157480315" flipped="False">
      <text name="pinname" originx="230" originy="-1900" style="Default" rotation="0" justify="left" flipped="False" hidden="False" data="X1D38" />
      <text name="pindes" originx="140" originy="-1880" style="Default" rotation="0" justify="lowerright" flipped="False" hidden="False" data="20" />
    </sympin>
    <sympin number="21" originx="200" originy="-2000" rotation="180" length="100" width="7.8740157480315" flipped="False">
      <text name="pinname" originx="230" originy="-2000" style="Default" rotation="0" justify="left" flipped="False" hidden="False" data="X1D39" />
      <text name="pindes" originx="140" originy="-1980" style="Default" rotation="0" justify="lowerright" flipped="False" hidden="False" data="21" />
    </sympin>
    <sympin number="22" originx="200" originy="-2100" rotation="180" length="100" width="7.8740157480315" flipped="False">
      <text name="pinname" originx="230" originy="-2100" style="Default" rotation="0" justify="left" flipped="False" hidden="False" data="X1D16" />
      <text name="pindes" originx="140" originy="-2080" style="Default" rotation="0" justify="lowerright" flipped="False" hidden="False" data="22" />
    </sympin>
    <sympin number="23" originx="200" originy="-2200" rotation="180" length="100" width="7.8740157480315" flipped="False">
      <text name="pinname" originx="230" originy="-2200" style="Default" rotation="0" justify="left" flipped="False" hidden="False" data="X1D17" />
      <text name="pindes" originx="140" originy="-2180" style="Default" rotation="0" justify="lowerright" flipped="False" hidden="False" data="23" />
    </sympin>
    <sympin number="24" originx="200" originy="-2300" rotation="180" length="100" width="7.8740157480315" flipped="False">
      <text name="pinname" originx="230" originy="-2300" style="Default" rotation="0" justify="left" flipped="False" hidden="False" data="VDD_4" />
      <text name="pindes" originx="140" originy="-2280" style="Default" rotation="0" justify="lowerright" flipped="False" hidden="False" data="24" />
    </sympin>
    <sympin number="25" originx="200" originy="-2400" rotation="180" length="100" width="7.8740157480315" flipped="False">
      <text name="pinname" originx="230" originy="-2400" style="Default" rotation="0" justify="left" flipped="False" hidden="False" data="X1D18" />
      <text name="pindes" originx="140" originy="-2380" style="Default" rotation="0" justify="lowerright" flipped="False" hidden="False" data="25" />
    </sympin>
    <sympin number="26" originx="200" originy="-2500" rotation="180" length="100" width="7.8740157480315" flipped="False">
      <text name="pinname" originx="230" originy="-2500" style="Default" rotation="0" justify="left" flipped="False" hidden="False" data="X1D19" />
      <text name="pindes" originx="140" originy="-2480" style="Default" rotation="0" justify="lowerright" flipped="False" hidden="False" data="26" />
    </sympin>
    <sympin number="27" originx="200" originy="-2600" rotation="180" length="100" width="7.8740157480315" flipped="False">
      <text name="pinname" originx="230" originy="-2600" style="Default" rotation="0" justify="left" flipped="False" hidden="False" data="X0D01" />
      <text name="pindes" originx="140" originy="-2580" style="Default" rotation="0" justify="lowerright" flipped="False" hidden="False" data="27" />
    </sympin>
    <sympin number="28" originx="200" originy="-2700" rotation="180" length="100" width="7.8740157480315" flipped="False">
      <text name="pinname" originx="230" originy="-2700" style="Default" rotation="0" justify="left" flipped="False" hidden="False" data="X0D10" />
      <text name="pindes" originx="140" originy="-2680" style="Default" rotation="0" justify="lowerright" flipped="False" hidden="False" data="28" />
    </sympin>
    <sympin number="29" originx="200" originy="-2800" rotation="180" length="100" width="7.8740157480315" flipped="False">
      <text name="pinname" originx="230" originy="-2800" style="Default" rotation="0" justify="left" flipped="False" hidden="False" data="VDDIOL_4" />
      <text name="pindes" originx="140" originy="-2780" style="Default" rotation="0" justify="lowerright" flipped="False" hidden="False" data="29" />
    </sympin>
    <sympin number="30" originx="200" originy="-2900" rotation="180" length="100" width="7.8740157480315" flipped="False">
      <text name="pinname" originx="230" originy="-2900" style="Default" rotation="0" justify="left" flipped="False" hidden="False" data="X0D00" />
      <text name="pindes" originx="140" originy="-2880" style="Default" rotation="0" justify="lowerright" flipped="False" hidden="False" data="30" />
    </sympin>
    <sympin number="31" originx="200" originy="-3000" rotation="180" length="100" width="7.8740157480315" flipped="False">
      <text name="pinname" originx="230" originy="-3000" style="Default" rotation="0" justify="left" flipped="False" hidden="False" data="X0D04" />
      <text name="pindes" originx="140" originy="-2980" style="Default" rotation="0" justify="lowerright" flipped="False" hidden="False" data="31" />
    </sympin>
    <sympin number="32" originx="200" originy="-3100" rotation="180" length="100" width="7.8740157480315" flipped="False">
      <text name="pinname" originx="230" originy="-3100" style="Default" rotation="0" justify="left" flipped="False" hidden="False" data="X0D11" />
      <text name="pindes" originx="140" originy="-3080" style="Default" rotation="0" justify="lowerright" flipped="False" hidden="False" data="32" />
    </sympin>
    <sympin number="33" originx="300" originy="-3800" rotation="270" length="100" width="7.8740157480315" flipped="False">
      <text name="pinname" originx="300" originy="-3770" style="Default" rotation="0" justify="left" flipped="False" hidden="False" data="X0D05" />
      <text name="pindes" originx="280" originy="-3860" style="Default" rotation="0" justify="lowerright" flipped="False" hidden="False" data="33" />
    </sympin>
    <sympin number="34" originx="400" originy="-3800" rotation="270" length="100" width="7.8740157480315" flipped="False">
      <text name="pinname" originx="400" originy="-3770" style="Default" rotation="0" justify="left" flipped="False" hidden="False" data="X0D06" />
      <text name="pindes" originx="380" originy="-3860" style="Default" rotation="0" justify="lowerright" flipped="False" hidden="False" data="34" />
    </sympin>
    <sympin number="35" originx="500" originy="-3800" rotation="270" length="100" width="7.8740157480315" flipped="False">
      <text name="pinname" originx="500" originy="-3770" style="Default" rotation="0" justify="left" flipped="False" hidden="False" data="X0D07" />
      <text name="pindes" originx="480" originy="-3860" style="Default" rotation="0" justify="lowerright" flipped="False" hidden="False" data="35" />
    </sympin>
    <sympin number="36" originx="600" originy="-3800" rotation="270" length="100" width="7.8740157480315" flipped="False">
      <text name="pinname" originx="600" originy="-3770" style="Default" rotation="0" justify="left" flipped="False" hidden="False" data="VDD_5" />
      <text name="pindes" originx="580" originy="-3860" style="Default" rotation="0" justify="lowerright" flipped="False" hidden="False" data="36" />
    </sympin>
    <sympin number="37" originx="700" originy="-3800" rotation="270" length="100" width="7.8740157480315" flipped="False">
      <text name="pinname" originx="700" originy="-3770" style="Default" rotation="0" justify="left" flipped="False" hidden="False" data="X0D02" />
      <text name="pindes" originx="680" originy="-3860" style="Default" rotation="0" justify="lowerright" flipped="False" hidden="False" data="37" />
    </sympin>
    <sympin number="38" originx="800" originy="-3800" rotation="270" length="100" width="7.8740157480315" flipped="False">
      <text name="pinname" originx="800" originy="-3770" style="Default" rotation="0" justify="left" flipped="False" hidden="False" data="X0D03" />
      <text name="pindes" originx="780" originy="-3860" style="Default" rotation="0" justify="lowerright" flipped="False" hidden="False" data="38" />
    </sympin>
    <sympin number="39" originx="900" originy="-3800" rotation="270" length="100" width="7.8740157480315" flipped="False">
      <text name="pinname" originx="900" originy="-3770" style="Default" rotation="0" justify="left" flipped="False" hidden="False" data="X0D08" />
      <text name="pindes" originx="880" originy="-3860" style="Default" rotation="0" justify="lowerright" flipped="False" hidden="False" data="39" />
    </sympin>
    <sympin number="40" originx="1000" originy="-3800" rotation="270" length="100" width="7.8740157480315" flipped="False">
      <text name="pinname" originx="1000" originy="-3770" style="Default" rotation="0" justify="left" flipped="False" hidden="False" data="X0D09" />
      <text name="pindes" originx="980" originy="-3860" style="Default" rotation="0" justify="lowerright" flipped="False" hidden="False" data="40" />
    </sympin>
    <sympin number="41" originx="1100" originy="-3800" rotation="270" length="100" width="7.8740157480315" flipped="False">
      <text name="pinname" originx="1100" originy="-3770" style="Default" rotation="0" justify="left" flipped="False" hidden="False" data="VDD_6" />
      <text name="pindes" originx="1080" originy="-3860" style="Default" rotation="0" justify="lowerright" flipped="False" hidden="False" data="41" />
    </sympin>
    <sympin number="42" originx="1200" originy="-3800" rotation="270" length="100" width="7.8740157480315" flipped="False">
      <text name="pinname" originx="1200" originy="-3770" style="Default" rotation="0" justify="left" flipped="False" hidden="False" data="VDDIOL_5" />
      <text name="pindes" originx="1180" originy="-3860" style="Default" rotation="0" justify="lowerright" flipped="False" hidden="False" data="42" />
    </sympin>
    <sympin number="43" originx="1300" originy="-3800" rotation="270" length="100" width="7.8740157480315" flipped="False">
      <text name="pinname" originx="1300" originy="-3770" style="Default" rotation="0" justify="left" flipped="False" hidden="False" data="USB_ID" />
      <text name="pindes" originx="1280" originy="-3860" style="Default" rotation="0" justify="lowerright" flipped="False" hidden="False" data="43" />
    </sympin>
    <sympin number="44" originx="1400" originy="-3800" rotation="270" length="100" width="7.8740157480315" flipped="False">
      <text name="pinname" originx="1400" originy="-3770" style="Default" rotation="0" justify="left" flipped="False" hidden="False" data="USB_VDD33" />
      <text name="pindes" originx="1380" originy="-3860" style="Default" rotation="0" justify="lowerright" flipped="False" hidden="False" data="44" />
    </sympin>
    <sympin number="45" originx="1500" originy="-3800" rotation="270" length="100" width="7.8740157480315" flipped="False">
      <text name="pinname" originx="1500" originy="-3770" style="Default" rotation="0" justify="left" flipped="False" hidden="False" data="USB_VBUS" />
      <text name="pindes" originx="1480" originy="-3860" style="Default" rotation="0" justify="lowerright" flipped="False" hidden="False" data="45" />
    </sympin>
    <sympin number="46" originx="1600" originy="-3800" rotation="270" length="100" width="7.8740157480315" flipped="False">
      <text name="pinname" originx="1600" originy="-3770" style="Default" rotation="0" justify="left" flipped="False" hidden="False" data="USB_DP" />
      <text name="pindes" originx="1580" originy="-3860" style="Default" rotation="0" justify="lowerright" flipped="False" hidden="False" data="46" />
    </sympin>
    <sympin number="47" originx="1700" originy="-3800" rotation="270" length="100" width="7.8740157480315" flipped="False">
      <text name="pinname" originx="1700" originy="-3770" style="Default" rotation="0" justify="left" flipped="False" hidden="False" data="USB_DM" />
      <text name="pindes" originx="1680" originy="-3860" style="Default" rotation="0" justify="lowerright" flipped="False" hidden="False" data="47" />
    </sympin>
    <sympin number="48" originx="1800" originy="-3800" rotation="270" length="100" width="7.8740157480315" flipped="False">
      <text name="pinname" originx="1800" originy="-3770" style="Default" rotation="0" justify="left" flipped="False" hidden="False" data="USB_RTUNE" />
      <text name="pindes" originx="1780" originy="-3860" style="Default" rotation="0" justify="lowerright" flipped="False" hidden="False" data="48" />
    </sympin>
    <sympin number="49" originx="1900" originy="-3800" rotation="270" length="100" width="7.8740157480315" flipped="False">
      <text name="pinname" originx="1900" originy="-3770" style="Default" rotation="0" justify="left" flipped="False" hidden="False" data="USB_VDD" />
      <text name="pindes" originx="1880" originy="-3860" style="Default" rotation="0" justify="lowerright" flipped="False" hidden="False" data="49" />
    </sympin>
    <sympin number="50" originx="2000" originy="-3800" rotation="270" length="100" width="7.8740157480315" flipped="False">
      <text name="pinname" originx="2000" originy="-3770" style="Default" rotation="0" justify="left" flipped="False" hidden="False" data="NC_1" />
      <text name="pindes" originx="1980" originy="-3860" style="Default" rotation="0" justify="lowerright" flipped="False" hidden="False" data="50" />
    </sympin>
    <sympin number="51" originx="2100" originy="-3800" rotation="270" length="100" width="7.8740157480315" flipped="False">
      <text name="pinname" originx="2100" originy="-3770" style="Default" rotation="0" justify="left" flipped="False" hidden="False" data="X1D14" />
      <text name="pindes" originx="2080" originy="-3860" style="Default" rotation="0" justify="lowerright" flipped="False" hidden="False" data="51" />
    </sympin>
    <sympin number="52" originx="2200" originy="-3800" rotation="270" length="100" width="7.8740157480315" flipped="False">
      <text name="pinname" originx="2200" originy="-3770" style="Default" rotation="0" justify="left" flipped="False" hidden="False" data="VDDIOR_1" />
      <text name="pindes" originx="2180" originy="-3860" style="Default" rotation="0" justify="lowerright" flipped="False" hidden="False" data="52" />
    </sympin>
    <sympin number="53" originx="2300" originy="-3800" rotation="270" length="100" width="7.8740157480315" flipped="False">
      <text name="pinname" originx="2300" originy="-3770" style="Default" rotation="0" justify="left" flipped="False" hidden="False" data="X1D15" />
      <text name="pindes" originx="2280" originy="-3860" style="Default" rotation="0" justify="lowerright" flipped="False" hidden="False" data="53" />
    </sympin>
    <sympin number="54" originx="2400" originy="-3800" rotation="270" length="100" width="7.8740157480315" flipped="False">
      <text name="pinname" originx="2400" originy="-3770" style="Default" rotation="0" justify="left" flipped="False" hidden="False" data="X1D20" />
      <text name="pindes" originx="2380" originy="-3860" style="Default" rotation="0" justify="lowerright" flipped="False" hidden="False" data="54" />
    </sympin>
    <sympin number="55" originx="2500" originy="-3800" rotation="270" length="100" width="7.8740157480315" flipped="False">
      <text name="pinname" originx="2500" originy="-3770" style="Default" rotation="0" justify="left" flipped="False" hidden="False" data="X1D21" />
      <text name="pindes" originx="2480" originy="-3860" style="Default" rotation="0" justify="lowerright" flipped="False" hidden="False" data="55" />
    </sympin>
    <sympin number="56" originx="2600" originy="-3800" rotation="270" length="100" width="7.8740157480315" flipped="False">
      <text name="pinname" originx="2600" originy="-3770" style="Default" rotation="0" justify="left" flipped="False" hidden="False" data="VDD_7" />
      <text name="pindes" originx="2580" originy="-3860" style="Default" rotation="0" justify="lowerright" flipped="False" hidden="False" data="56" />
    </sympin>
    <sympin number="57" originx="2700" originy="-3800" rotation="270" length="100" width="7.8740157480315" flipped="False">
      <text name="pinname" originx="2700" originy="-3770" style="Default" rotation="0" justify="left" flipped="False" hidden="False" data="X0D14" />
      <text name="pindes" originx="2680" originy="-3860" style="Default" rotation="0" justify="lowerright" flipped="False" hidden="False" data="57" />
    </sympin>
    <sympin number="58" originx="2800" originy="-3800" rotation="270" length="100" width="7.8740157480315" flipped="False">
      <text name="pinname" originx="2800" originy="-3770" style="Default" rotation="0" justify="left" flipped="False" hidden="False" data="X0D15" />
      <text name="pindes" originx="2780" originy="-3860" style="Default" rotation="0" justify="lowerright" flipped="False" hidden="False" data="58" />
    </sympin>
    <sympin number="59" originx="2900" originy="-3800" rotation="270" length="100" width="7.8740157480315" flipped="False">
      <text name="pinname" originx="2900" originy="-3770" style="Default" rotation="0" justify="left" flipped="False" hidden="False" data="X0D20" />
      <text name="pindes" originx="2880" originy="-3860" style="Default" rotation="0" justify="lowerright" flipped="False" hidden="False" data="59" />
    </sympin>
    <sympin number="60" originx="3000" originy="-3800" rotation="270" length="100" width="7.8740157480315" flipped="False">
      <text name="pinname" originx="3000" originy="-3770" style="Default" rotation="0" justify="left" flipped="False" hidden="False" data="VDD_8" />
      <text name="pindes" originx="2980" originy="-3860" style="Default" rotation="0" justify="lowerright" flipped="False" hidden="False" data="60" />
    </sympin>
    <sympin number="61" originx="3100" originy="-3800" rotation="270" length="100" width="7.8740157480315" flipped="False">
      <text name="pinname" originx="3100" originy="-3770" style="Default" rotation="0" justify="left" flipped="False" hidden="False" data="X0D21" />
      <text name="pindes" originx="3080" originy="-3860" style="Default" rotation="0" justify="lowerright" flipped="False" hidden="False" data="61" />
    </sympin>
    <sympin number="62" originx="3200" originy="-3800" rotation="270" length="100" width="7.8740157480315" flipped="False">
      <text name="pinname" originx="3200" originy="-3770" style="Default" rotation="0" justify="left" flipped="False" hidden="False" data="X0D12" />
      <text name="pindes" originx="3180" originy="-3860" style="Default" rotation="0" justify="lowerright" flipped="False" hidden="False" data="62" />
    </sympin>
    <sympin number="63" originx="3300" originy="-3800" rotation="270" length="100" width="7.8740157480315" flipped="False">
      <text name="pinname" originx="3300" originy="-3770" style="Default" rotation="0" justify="left" flipped="False" hidden="False" data="X0D13" />
      <text name="pindes" originx="3280" originy="-3860" style="Default" rotation="0" justify="lowerright" flipped="False" hidden="False" data="63" />
    </sympin>
    <sympin number="64" originx="3400" originy="-3800" rotation="270" length="100" width="7.8740157480315" flipped="False">
      <text name="pinname" originx="3400" originy="-3770" style="Default" rotation="0" justify="left" flipped="False" hidden="False" data="X0D22" />
      <text name="pindes" originx="3380" originy="-3860" style="Default" rotation="0" justify="lowerright" flipped="False" hidden="False" data="64" />
    </sympin>
    <sympin number="96" originx="3600" originy="0" rotation="0" length="100" width="7.8740157480315" flipped="False">
      <text name="pinname" originx="3570" originy="0" style="Default" rotation="0" justify="right" flipped="False" hidden="False" data="X0D28" />
      <text name="pindes" originx="3660" originy="20" style="Default" rotation="0" justify="lowerleft" flipped="False" hidden="False" data="96" />
    </sympin>
    <sympin number="95" originx="3600" originy="-100" rotation="0" length="100" width="7.8740157480315" flipped="False">
      <text name="pinname" originx="3570" originy="-100" style="Default" rotation="0" justify="right" flipped="False" hidden="False" data="X0D32" />
      <text name="pindes" originx="3660" originy="-80" style="Default" rotation="0" justify="lowerleft" flipped="False" hidden="False" data="95" />
    </sympin>
    <sympin number="94" originx="3600" originy="-200" rotation="0" length="100" width="7.8740157480315" flipped="False">
      <text name="pinname" originx="3570" originy="-200" style="Default" rotation="0" justify="right" flipped="False" hidden="False" data="X0D27" />
      <text name="pindes" originx="3660" originy="-180" style="Default" rotation="0" justify="lowerleft" flipped="False" hidden="False" data="94" />
    </sympin>
    <sympin number="93" originx="3600" originy="-300" rotation="0" length="100" width="7.8740157480315" flipped="False">
      <text name="pinname" originx="3570" originy="-300" style="Default" rotation="0" justify="right" flipped="False" hidden="False" data="X0D26" />
      <text name="pindes" originx="3660" originy="-280" style="Default" rotation="0" justify="lowerleft" flipped="False" hidden="False" data="93" />
    </sympin>
    <sympin number="92" originx="3600" originy="-400" rotation="0" length="100" width="7.8740157480315" flipped="False">
      <text name="pinname" originx="3570" originy="-400" style="Default" rotation="0" justify="right" flipped="False" hidden="False" data="VDDIOR_5" />
      <text name="pindes" originx="3660" originy="-380" style="Default" rotation="0" justify="lowerleft" flipped="False" hidden="False" data="92" />
    </sympin>
    <sympin number="91" originx="3600" originy="-500" rotation="0" length="100" width="7.8740157480315" flipped="False">
      <text name="pinname" originx="3570" originy="-500" style="Default" rotation="0" justify="right" flipped="False" hidden="False" data="X0D35" />
      <text name="pindes" originx="3660" originy="-480" style="Default" rotation="0" justify="lowerleft" flipped="False" hidden="False" data="91" />
    </sympin>
    <sympin number="90" originx="3600" originy="-600" rotation="0" length="100" width="7.8740157480315" flipped="False">
      <text name="pinname" originx="3570" originy="-600" style="Default" rotation="0" justify="right" flipped="False" hidden="False" data="X0D34" />
      <text name="pindes" originx="3660" originy="-580" style="Default" rotation="0" justify="lowerleft" flipped="False" hidden="False" data="90" />
    </sympin>
    <sympin number="89" originx="3600" originy="-700" rotation="0" length="100" width="7.8740157480315" flipped="False">
      <text name="pinname" originx="3570" originy="-700" style="Default" rotation="0" justify="right" flipped="False" hidden="False" data="X0D25" />
      <text name="pindes" originx="3660" originy="-680" style="Default" rotation="0" justify="lowerleft" flipped="False" hidden="False" data="89" />
    </sympin>
    <sympin number="88" originx="3600" originy="-800" rotation="0" length="100" width="7.8740157480315" flipped="False">
      <text name="pinname" originx="3570" originy="-800" style="Default" rotation="0" justify="right" flipped="False" hidden="False" data="X0D24" />
      <text name="pindes" originx="3660" originy="-780" style="Default" rotation="0" justify="lowerleft" flipped="False" hidden="False" data="88" />
    </sympin>
    <sympin number="87" originx="3600" originy="-900" rotation="0" length="100" width="7.8740157480315" flipped="False">
      <text name="pinname" originx="3570" originy="-900" style="Default" rotation="0" justify="right" flipped="False" hidden="False" data="VDD_12" />
      <text name="pindes" originx="3660" originy="-880" style="Default" rotation="0" justify="lowerleft" flipped="False" hidden="False" data="87" />
    </sympin>
    <sympin number="86" originx="3600" originy="-1000" rotation="0" length="100" width="7.8740157480315" flipped="False">
      <text name="pinname" originx="3570" originy="-1000" style="Default" rotation="0" justify="right" flipped="False" hidden="False" data="X1D01" />
      <text name="pindes" originx="3660" originy="-980" style="Default" rotation="0" justify="lowerleft" flipped="False" hidden="False" data="86" />
    </sympin>
    <sympin number="85" originx="3600" originy="-1100" rotation="0" length="100" width="7.8740157480315" flipped="False">
      <text name="pinname" originx="3570" originy="-1100" style="Default" rotation="0" justify="right" flipped="False" hidden="False" data="X1D00" />
      <text name="pindes" originx="3660" originy="-1080" style="Default" rotation="0" justify="lowerleft" flipped="False" hidden="False" data="85" />
    </sympin>
    <sympin number="84" originx="3600" originy="-1200" rotation="0" length="100" width="7.8740157480315" flipped="False">
      <text name="pinname" originx="3570" originy="-1200" style="Default" rotation="0" justify="right" flipped="False" hidden="False" data="X1D09" />
      <text name="pindes" originx="3660" originy="-1180" style="Default" rotation="0" justify="lowerleft" flipped="False" hidden="False" data="84" />
    </sympin>
    <sympin number="83" originx="3600" originy="-1300" rotation="0" length="100" width="7.8740157480315" flipped="False">
      <text name="pinname" originx="3570" originy="-1300" style="Default" rotation="0" justify="right" flipped="False" hidden="False" data="VDDIOR_4" />
      <text name="pindes" originx="3660" originy="-1280" style="Default" rotation="0" justify="lowerleft" flipped="False" hidden="False" data="83" />
    </sympin>
    <sympin number="82" originx="3600" originy="-1400" rotation="0" length="100" width="7.8740157480315" flipped="False">
      <text name="pinname" originx="3570" originy="-1400" style="Default" rotation="0" justify="right" flipped="False" hidden="False" data="X1D08" />
      <text name="pindes" originx="3660" originy="-1380" style="Default" rotation="0" justify="lowerleft" flipped="False" hidden="False" data="82" />
    </sympin>
    <sympin number="81" originx="3600" originy="-1500" rotation="0" length="100" width="7.8740157480315" flipped="False">
      <text name="pinname" originx="3570" originy="-1500" style="Default" rotation="0" justify="right" flipped="False" hidden="False" data="VDD_11" />
      <text name="pindes" originx="3660" originy="-1480" style="Default" rotation="0" justify="lowerleft" flipped="False" hidden="False" data="81" />
    </sympin>
    <sympin number="80" originx="3600" originy="-1600" rotation="0" length="100" width="7.8740157480315" flipped="False">
      <text name="pinname" originx="3570" originy="-1600" style="Default" rotation="0" justify="right" flipped="False" hidden="False" data="VDD_10" />
      <text name="pindes" originx="3660" originy="-1580" style="Default" rotation="0" justify="lowerleft" flipped="False" hidden="False" data="80" />
    </sympin>
    <sympin number="79" originx="3600" originy="-1700" rotation="0" length="100" width="7.8740157480315" flipped="False">
      <text name="pinname" originx="3570" originy="-1700" style="Default" rotation="0" justify="right" flipped="False" hidden="False" data="X1D07" />
      <text name="pindes" originx="3660" originy="-1680" style="Default" rotation="0" justify="lowerleft" flipped="False" hidden="False" data="79" />
    </sympin>
    <sympin number="78" originx="3600" originy="-1800" rotation="0" length="100" width="7.8740157480315" flipped="False">
      <text name="pinname" originx="3570" originy="-1800" style="Default" rotation="0" justify="right" flipped="False" hidden="False" data="VDDIOR_3" />
      <text name="pindes" originx="3660" originy="-1780" style="Default" rotation="0" justify="lowerleft" flipped="False" hidden="False" data="78" />
    </sympin>
    <sympin number="77" originx="3600" originy="-1900" rotation="0" length="100" width="7.8740157480315" flipped="False">
      <text name="pinname" originx="3570" originy="-1900" style="Default" rotation="0" justify="right" flipped="False" hidden="False" data="X1D06" />
      <text name="pindes" originx="3660" originy="-1880" style="Default" rotation="0" justify="lowerleft" flipped="False" hidden="False" data="77" />
    </sympin>
    <sympin number="76" originx="3600" originy="-2000" rotation="0" length="100" width="7.8740157480315" flipped="False">
      <text name="pinname" originx="3570" originy="-2000" style="Default" rotation="0" justify="right" flipped="False" hidden="False" data="X1D05" />
      <text name="pindes" originx="3660" originy="-1980" style="Default" rotation="0" justify="lowerleft" flipped="False" hidden="False" data="76" />
    </sympin>
    <sympin number="75" originx="3600" originy="-2100" rotation="0" length="100" width="7.8740157480315" flipped="False">
      <text name="pinname" originx="3570" originy="-2100" style="Default" rotation="0" justify="right" flipped="False" hidden="False" data="X1D04" />
      <text name="pindes" originx="3660" originy="-2080" style="Default" rotation="0" justify="lowerleft" flipped="False" hidden="False" data="75" />
    </sympin>
    <sympin number="74" originx="3600" originy="-2200" rotation="0" length="100" width="7.8740157480315" flipped="False">
      <text name="pinname" originx="3570" originy="-2200" style="Default" rotation="0" justify="right" flipped="False" hidden="False" data="X1D03" />
      <text name="pindes" originx="3660" originy="-2180" style="Default" rotation="0" justify="lowerleft" flipped="False" hidden="False" data="74" />
    </sympin>
    <sympin number="73" originx="3600" originy="-2300" rotation="0" length="100" width="7.8740157480315" flipped="False">
      <text name="pinname" originx="3570" originy="-2300" style="Default" rotation="0" justify="right" flipped="False" hidden="False" data="VDD_9" />
      <text name="pindes" originx="3660" originy="-2280" style="Default" rotation="0" justify="lowerleft" flipped="False" hidden="False" data="73" />
    </sympin>
    <sympin number="72" originx="3600" originy="-2400" rotation="0" length="100" width="7.8740157480315" flipped="False">
      <text name="pinname" originx="3570" originy="-2400" style="Default" rotation="0" justify="right" flipped="False" hidden="False" data="X1D02" />
      <text name="pindes" originx="3660" originy="-2380" style="Default" rotation="0" justify="lowerleft" flipped="False" hidden="False" data="72" />
    </sympin>
    <sympin number="71" originx="3600" originy="-2500" rotation="0" length="100" width="7.8740157480315" flipped="False">
      <text name="pinname" originx="3570" originy="-2500" style="Default" rotation="0" justify="right" flipped="False" hidden="False" data="X0D19" />
      <text name="pindes" originx="3660" originy="-2480" style="Default" rotation="0" justify="lowerleft" flipped="False" hidden="False" data="71" />
    </sympin>
    <sympin number="70" originx="3600" originy="-2600" rotation="0" length="100" width="7.8740157480315" flipped="False">
      <text name="pinname" originx="3570" originy="-2600" style="Default" rotation="0" justify="right" flipped="False" hidden="False" data="X0D18" />
      <text name="pindes" originx="3660" originy="-2580" style="Default" rotation="0" justify="lowerleft" flipped="False" hidden="False" data="70" />
    </sympin>
    <sympin number="69" originx="3600" originy="-2700" rotation="0" length="100" width="7.8740157480315" flipped="False">
      <text name="pinname" originx="3570" originy="-2700" style="Default" rotation="0" justify="right" flipped="False" hidden="False" data="X0D17" />
      <text name="pindes" originx="3660" originy="-2680" style="Default" rotation="0" justify="lowerleft" flipped="False" hidden="False" data="69" />
    </sympin>
    <sympin number="68" originx="3600" originy="-2800" rotation="0" length="100" width="7.8740157480315" flipped="False">
      <text name="pinname" originx="3570" originy="-2800" style="Default" rotation="0" justify="right" flipped="False" hidden="False" data="X0D16" />
      <text name="pindes" originx="3660" originy="-2780" style="Default" rotation="0" justify="lowerleft" flipped="False" hidden="False" data="68" />
    </sympin>
    <sympin number="67" originx="3600" originy="-2900" rotation="0" length="100" width="7.8740157480315" flipped="False">
      <text name="pinname" originx="3570" originy="-2900" style="Default" rotation="0" justify="right" flipped="False" hidden="False" data="VDDIOR_2" />
      <text name="pindes" originx="3660" originy="-2880" style="Default" rotation="0" justify="lowerleft" flipped="False" hidden="False" data="67" />
    </sympin>
    <sympin number="66" originx="3600" originy="-3000" rotation="0" length="100" width="7.8740157480315" flipped="False">
      <text name="pinname" originx="3570" originy="-3000" style="Default" rotation="0" justify="right" flipped="False" hidden="False" data="X0D23" />
      <text name="pindes" originx="3660" originy="-2980" style="Default" rotation="0" justify="lowerleft" flipped="False" hidden="False" data="66" />
    </sympin>
    <sympin number="65" originx="3600" originy="-3100" rotation="0" length="100" width="7.8740157480315" flipped="False">
      <text name="pinname" originx="3570" originy="-3100" style="Default" rotation="0" justify="right" flipped="False" hidden="False" data="NC_2" />
      <text name="pindes" originx="3660" originy="-3080" style="Default" rotation="0" justify="lowerleft" flipped="False" hidden="False" data="65" />
    </sympin>
    <sympin number="129" originx="300" originy="600" rotation="90" length="100" width="7.8740157480315" flipped="False">
      <text name="pinname" originx="300" originy="570" style="Default" rotation="0" justify="right" flipped="False" hidden="False" data="GND" />
      <text name="pindes" originx="280" originy="660" style="Default" rotation="0" justify="lowerleft" flipped="False" hidden="False" data="129" />
    </sympin>
    <sympin number="128" originx="400" originy="600" rotation="90" length="100" width="7.8740157480315" flipped="False">
      <text name="pinname" originx="400" originy="570" style="Default" rotation="0" justify="right" flipped="False" hidden="False" data="TCK" />
      <text name="pindes" originx="380" originy="660" style="Default" rotation="0" justify="lowerleft" flipped="False" hidden="False" data="128" />
    </sympin>
    <sympin number="127" originx="500" originy="600" rotation="90" length="100" width="7.8740157480315" flipped="False">
      <text name="pinname" originx="500" originy="570" style="Default" rotation="0" justify="right" flipped="False" hidden="False" data="TMS" />
      <text name="pindes" originx="480" originy="660" style="Default" rotation="0" justify="lowerleft" flipped="False" hidden="False" data="127" />
    </sympin>
    <sympin number="126" originx="600" originy="600" rotation="90" length="100" width="7.8740157480315" flipped="False">
      <text name="pinname" originx="600" originy="570" style="Default" rotation="0" justify="right" flipped="False" hidden="False" data="VDD_16" />
      <text name="pindes" originx="580" originy="660" style="Default" rotation="0" justify="lowerleft" flipped="False" hidden="False" data="126" />
    </sympin>
    <sympin number="125" originx="700" originy="600" rotation="90" length="100" width="7.8740157480315" flipped="False">
      <text name="pinname" originx="700" originy="570" style="Default" rotation="0" justify="right" flipped="False" hidden="False" data="CLK" />
      <text name="pindes" originx="680" originy="660" style="Default" rotation="0" justify="lowerleft" flipped="False" hidden="False" data="125" />
    </sympin>
    <sympin number="124" originx="800" originy="600" rotation="90" length="100" width="7.8740157480315" flipped="False">
      <text name="pinname" originx="800" originy="570" style="Default" rotation="0" justify="right" flipped="False" hidden="False" data="RST_N" />
      <text name="pindes" originx="780" originy="660" style="Default" rotation="0" justify="lowerleft" flipped="False" hidden="False" data="124" />
    </sympin>
    <sympin number="123" originx="900" originy="600" rotation="90" length="100" width="7.8740157480315" flipped="False">
      <text name="pinname" originx="900" originy="570" style="Default" rotation="0" justify="right" flipped="False" hidden="False" data="TRST_N" />
      <text name="pindes" originx="880" originy="660" style="Default" rotation="0" justify="lowerleft" flipped="False" hidden="False" data="123" />
    </sympin>
    <sympin number="122" originx="1000" originy="600" rotation="90" length="100" width="7.8740157480315" flipped="False">
      <text name="pinname" originx="1000" originy="570" style="Default" rotation="0" justify="right" flipped="False" hidden="False" data="X1D11" />
      <text name="pindes" originx="980" originy="660" style="Default" rotation="0" justify="lowerleft" flipped="False" hidden="False" data="122" />
    </sympin>
    <sympin number="121" originx="1100" originy="600" rotation="90" length="100" width="7.8740157480315" flipped="False">
      <text name="pinname" originx="1100" originy="570" style="Default" rotation="0" justify="right" flipped="False" hidden="False" data="X1D10" />
      <text name="pindes" originx="1080" originy="660" style="Default" rotation="0" justify="lowerleft" flipped="False" hidden="False" data="121" />
    </sympin>
    <sympin number="120" originx="1200" originy="600" rotation="90" length="100" width="7.8740157480315" flipped="False">
      <text name="pinname" originx="1200" originy="570" style="Default" rotation="0" justify="right" flipped="False" hidden="False" data="VDD_15" />
      <text name="pindes" originx="1180" originy="660" style="Default" rotation="0" justify="lowerleft" flipped="False" hidden="False" data="120" />
    </sympin>
    <sympin number="119" originx="1300" originy="600" rotation="90" length="100" width="7.8740157480315" flipped="False">
      <text name="pinname" originx="1300" originy="570" style="Default" rotation="0" justify="right" flipped="False" hidden="False" data="X1D33" />
      <text name="pindes" originx="1280" originy="660" style="Default" rotation="0" justify="lowerleft" flipped="False" hidden="False" data="119" />
    </sympin>
    <sympin number="118" originx="1400" originy="600" rotation="90" length="100" width="7.8740157480315" flipped="False">
      <text name="pinname" originx="1400" originy="570" style="Default" rotation="0" justify="right" flipped="False" hidden="False" data="X1D32" />
      <text name="pindes" originx="1380" originy="660" style="Default" rotation="0" justify="lowerleft" flipped="False" hidden="False" data="118" />
    </sympin>
    <sympin number="117" originx="1500" originy="600" rotation="90" length="100" width="7.8740157480315" flipped="False">
      <text name="pinname" originx="1500" originy="570" style="Default" rotation="0" justify="right" flipped="False" hidden="False" data="X1D31" />
      <text name="pindes" originx="1480" originy="660" style="Default" rotation="0" justify="lowerleft" flipped="False" hidden="False" data="117" />
    </sympin>
    <sympin number="116" originx="1600" originy="600" rotation="90" length="100" width="7.8740157480315" flipped="False">
      <text name="pinname" originx="1600" originy="570" style="Default" rotation="0" justify="right" flipped="False" hidden="False" data="X1D30" />
      <text name="pindes" originx="1580" originy="660" style="Default" rotation="0" justify="lowerleft" flipped="False" hidden="False" data="116" />
    </sympin>
    <sympin number="115" originx="1700" originy="600" rotation="90" length="100" width="7.8740157480315" flipped="False">
      <text name="pinname" originx="1700" originy="570" style="Default" rotation="0" justify="right" flipped="False" hidden="False" data="X1D29" />
      <text name="pindes" originx="1680" originy="660" style="Default" rotation="0" justify="lowerleft" flipped="False" hidden="False" data="115" />
    </sympin>
    <sympin number="114" originx="1800" originy="600" rotation="90" length="100" width="7.8740157480315" flipped="False">
      <text name="pinname" originx="1800" originy="570" style="Default" rotation="0" justify="right" flipped="False" hidden="False" data="X1D28" />
      <text name="pindes" originx="1780" originy="660" style="Default" rotation="0" justify="lowerleft" flipped="False" hidden="False" data="114" />
    </sympin>
    <sympin number="113" originx="1900" originy="600" rotation="90" length="100" width="7.8740157480315" flipped="False">
      <text name="pinname" originx="1900" originy="570" style="Default" rotation="0" justify="right" flipped="False" hidden="False" data="X1D27" />
      <text name="pindes" originx="1880" originy="660" style="Default" rotation="0" justify="lowerleft" flipped="False" hidden="False" data="113" />
    </sympin>
    <sympin number="112" originx="2000" originy="600" rotation="90" length="100" width="7.8740157480315" flipped="False">
      <text name="pinname" originx="2000" originy="570" style="Default" rotation="0" justify="right" flipped="False" hidden="False" data="X1D26" />
      <text name="pindes" originx="1980" originy="660" style="Default" rotation="0" justify="lowerleft" flipped="False" hidden="False" data="112" />
    </sympin>
    <sympin number="111" originx="2100" originy="600" rotation="90" length="100" width="7.8740157480315" flipped="False">
      <text name="pinname" originx="2100" originy="570" style="Default" rotation="0" justify="right" flipped="False" hidden="False" data="VDDIOT_2" />
      <text name="pindes" originx="2080" originy="660" style="Default" rotation="0" justify="lowerleft" flipped="False" hidden="False" data="111" />
    </sympin>
    <sympin number="110" originx="2200" originy="600" rotation="90" length="100" width="7.8740157480315" flipped="False">
      <text name="pinname" originx="2200" originy="570" style="Default" rotation="0" justify="right" flipped="False" hidden="False" data="VDDIOT_1" />
      <text name="pindes" originx="2180" originy="660" style="Default" rotation="0" justify="lowerleft" flipped="False" hidden="False" data="110" />
    </sympin>
    <sympin number="109" originx="2300" originy="600" rotation="90" length="100" width="7.8740157480315" flipped="False">
      <text name="pinname" originx="2300" originy="570" style="Default" rotation="0" justify="right" flipped="False" hidden="False" data="X1D43" />
      <text name="pindes" originx="2280" originy="660" style="Default" rotation="0" justify="lowerleft" flipped="False" hidden="False" data="109" />
    </sympin>
    <sympin number="108" originx="2400" originy="600" rotation="90" length="100" width="7.8740157480315" flipped="False">
      <text name="pinname" originx="2400" originy="570" style="Default" rotation="0" justify="right" flipped="False" hidden="False" data="X1D42" />
      <text name="pindes" originx="2380" originy="660" style="Default" rotation="0" justify="lowerleft" flipped="False" hidden="False" data="108" />
    </sympin>
    <sympin number="107" originx="2500" originy="600" rotation="90" length="100" width="7.8740157480315" flipped="False">
      <text name="pinname" originx="2500" originy="570" style="Default" rotation="0" justify="right" flipped="False" hidden="False" data="X1D41" />
      <text name="pindes" originx="2480" originy="660" style="Default" rotation="0" justify="lowerleft" flipped="False" hidden="False" data="107" />
    </sympin>
    <sympin number="106" originx="2600" originy="600" rotation="90" length="100" width="7.8740157480315" flipped="False">
      <text name="pinname" originx="2600" originy="570" style="Default" rotation="0" justify="right" flipped="False" hidden="False" data="X1D40" />
      <text name="pindes" originx="2580" originy="660" style="Default" rotation="0" justify="lowerleft" flipped="False" hidden="False" data="106" />
    </sympin>
    <sympin number="105" originx="2700" originy="600" rotation="90" length="100" width="7.8740157480315" flipped="False">
      <text name="pinname" originx="2700" originy="570" style="Default" rotation="0" justify="right" flipped="False" hidden="False" data="OTP_VCC" />
      <text name="pindes" originx="2680" originy="660" style="Default" rotation="0" justify="lowerleft" flipped="False" hidden="False" data="105" />
    </sympin>
    <sympin number="104" originx="2800" originy="600" rotation="90" length="100" width="7.8740157480315" flipped="False">
      <text name="pinname" originx="2800" originy="570" style="Default" rotation="0" justify="right" flipped="False" hidden="False" data="PLL_AGND" />
      <text name="pindes" originx="2780" originy="660" style="Default" rotation="0" justify="lowerleft" flipped="False" hidden="False" data="104" />
    </sympin>
    <sympin number="103" originx="2900" originy="600" rotation="90" length="100" width="7.8740157480315" flipped="False">
      <text name="pinname" originx="2900" originy="570" style="Default" rotation="0" justify="right" flipped="False" hidden="False" data="PLL_AVDD" />
      <text name="pindes" originx="2880" originy="660" style="Default" rotation="0" justify="lowerleft" flipped="False" hidden="False" data="103" />
    </sympin>
    <sympin number="102" originx="3000" originy="600" rotation="90" length="100" width="7.8740157480315" flipped="False">
      <text name="pinname" originx="3000" originy="570" style="Default" rotation="0" justify="right" flipped="False" hidden="False" data="VDD_14" />
      <text name="pindes" originx="2980" originy="660" style="Default" rotation="0" justify="lowerleft" flipped="False" hidden="False" data="102" />
    </sympin>
    <sympin number="101" originx="3100" originy="600" rotation="90" length="100" width="7.8740157480315" flipped="False">
      <text name="pinname" originx="3100" originy="570" style="Default" rotation="0" justify="right" flipped="False" hidden="False" data="VDD_13" />
      <text name="pindes" originx="3080" originy="660" style="Default" rotation="0" justify="lowerleft" flipped="False" hidden="False" data="101" />
    </sympin>
    <sympin number="100" originx="3200" originy="600" rotation="90" length="100" width="7.8740157480315" flipped="False">
      <text name="pinname" originx="3200" originy="570" style="Default" rotation="0" justify="right" flipped="False" hidden="False" data="X0D31" />
      <text name="pindes" originx="3180" originy="660" style="Default" rotation="0" justify="lowerleft" flipped="False" hidden="False" data="100" />
    </sympin>
    <sympin number="99" originx="3300" originy="600" rotation="90" length="100" width="7.8740157480315" flipped="False">
      <text name="pinname" originx="3300" originy="570" style="Default" rotation="0" justify="right" flipped="False" hidden="False" data="X0D30" />
      <text name="pindes" originx="3280" originy="660" style="Default" rotation="0" justify="lowerleft" flipped="False" hidden="False" data="99" />
    </sympin>
    <sympin number="98" originx="3400" originy="600" rotation="90" length="100" width="7.8740157480315" flipped="False">
      <text name="pinname" originx="3400" originy="570" style="Default" rotation="0" justify="right" flipped="False" hidden="False" data="X0D29" />
      <text name="pindes" originx="3380" originy="660" style="Default" rotation="0" justify="lowerleft" flipped="False" hidden="False" data="98" />
    </sympin>
    <sympin number="97" originx="3500" originy="600" rotation="90" length="100" width="7.8740157480315" flipped="False">
      <text name="pinname" originx="3500" originy="570" style="Default" rotation="0" justify="right" flipped="False" hidden="False" data="X0D33" />
      <text name="pindes" originx="3480" originy="660" style="Default" rotation="0" justify="lowerleft" flipped="False" hidden="False" data="97" />
    </sympin>
  </symbol>
  <component name="XVF3000-TQ128-C" designatorprefix="IC" height="47.244094488188" footprint="QFP40P1600X1600X120-129N">
    <comppin designator="1" sympin="1" pinswap="0" gateswap="0" gate="1" group="1" side="" type="Any" name="TDO" />
    <comppin designator="2" sympin="2" pinswap="0" gateswap="0" gate="1" group="1" side="" type="Any" name="TDI" />
    <comppin designator="3" sympin="3" pinswap="0" gateswap="0" gate="1" group="1" side="" type="Any" name="X0D36" />
    <comppin designator="4" sympin="4" pinswap="0" gateswap="0" gate="1" group="1" side="" type="Any" name="X0D37" />
    <comppin designator="5" sympin="5" pinswap="0" gateswap="0" gate="1" group="1" side="" type="Any" name="X0D38" />
    <comppin designator="6" sympin="6" pinswap="0" gateswap="0" gate="1" group="1" side="" type="Any" name="VDDIOL_1" />
    <comppin designator="7" sympin="7" pinswap="0" gateswap="0" gate="1" group="1" side="" type="Any" name="X0D39" />
    <comppin designator="8" sympin="8" pinswap="0" gateswap="0" gate="1" group="1" side="" type="Any" name="X0D40" />
    <comppin designator="9" sympin="9" pinswap="0" gateswap="0" gate="1" group="1" side="" type="Any" name="X0D41" />
    <comppin designator="10" sympin="10" pinswap="0" gateswap="0" gate="1" group="1" side="" type="Any" name="X0D42" />
    <comppin designator="11" sympin="11" pinswap="0" gateswap="0" gate="1" group="1" side="" type="Any" name="VDD_1" />
    <comppin designator="12" sympin="12" pinswap="0" gateswap="0" gate="1" group="1" side="" type="Any" name="X0D43" />
    <comppin designator="13" sympin="13" pinswap="0" gateswap="0" gate="1" group="1" side="" type="Any" name="X1D35" />
    <comppin designator="14" sympin="14" pinswap="0" gateswap="0" gate="1" group="1" side="" type="Any" name="VDDIOL_2" />
    <comppin designator="15" sympin="15" pinswap="0" gateswap="0" gate="1" group="1" side="" type="Any" name="X1D36" />
    <comppin designator="16" sympin="16" pinswap="0" gateswap="0" gate="1" group="1" side="" type="Any" name="VDD_2" />
    <comppin designator="17" sympin="17" pinswap="0" gateswap="0" gate="1" group="1" side="" type="Any" name="VDD_3" />
    <comppin designator="18" sympin="18" pinswap="0" gateswap="0" gate="1" group="1" side="" type="Any" name="X1D37" />
    <comppin designator="19" sympin="19" pinswap="0" gateswap="0" gate="1" group="1" side="" type="Any" name="VDDIOL_3" />
    <comppin designator="20" sympin="20" pinswap="0" gateswap="0" gate="1" group="1" side="" type="Any" name="X1D38" />
    <comppin designator="21" sympin="21" pinswap="0" gateswap="0" gate="1" group="1" side="" type="Any" name="X1D39" />
    <comppin designator="22" sympin="22" pinswap="0" gateswap="0" gate="1" group="1" side="" type="Any" name="X1D16" />
    <comppin designator="23" sympin="23" pinswap="0" gateswap="0" gate="1" group="1" side="" type="Any" name="X1D17" />
    <comppin designator="24" sympin="24" pinswap="0" gateswap="0" gate="1" group="1" side="" type="Any" name="VDD_4" />
    <comppin designator="25" sympin="25" pinswap="0" gateswap="0" gate="1" group="1" side="" type="Any" name="X1D18" />
    <comppin designator="26" sympin="26" pinswap="0" gateswap="0" gate="1" group="1" side="" type="Any" name="X1D19" />
    <comppin designator="27" sympin="27" pinswap="0" gateswap="0" gate="1" group="1" side="" type="Any" name="X0D01" />
    <comppin designator="28" sympin="28" pinswap="0" gateswap="0" gate="1" group="1" side="" type="Any" name="X0D10" />
    <comppin designator="29" sympin="29" pinswap="0" gateswap="0" gate="1" group="1" side="" type="Any" name="VDDIOL_4" />
    <comppin designator="30" sympin="30" pinswap="0" gateswap="0" gate="1" group="1" side="" type="Any" name="X0D00" />
    <comppin designator="31" sympin="31" pinswap="0" gateswap="0" gate="1" group="1" side="" type="Any" name="X0D04" />
    <comppin designator="32" sympin="32" pinswap="0" gateswap="0" gate="1" group="1" side="" type="Any" name="X0D11" />
    <comppin designator="33" sympin="33" pinswap="0" gateswap="0" gate="1" group="1" side="" type="Any" name="X0D05" />
    <comppin designator="34" sympin="34" pinswap="0" gateswap="0" gate="1" group="1" side="" type="Any" name="X0D06" />
    <comppin designator="35" sympin="35" pinswap="0" gateswap="0" gate="1" group="1" side="" type="Any" name="X0D07" />
    <comppin designator="36" sympin="36" pinswap="0" gateswap="0" gate="1" group="1" side="" type="Any" name="VDD_5" />
    <comppin designator="37" sympin="37" pinswap="0" gateswap="0" gate="1" group="1" side="" type="Any" name="X0D02" />
    <comppin designator="38" sympin="38" pinswap="0" gateswap="0" gate="1" group="1" side="" type="Any" name="X0D03" />
    <comppin designator="39" sympin="39" pinswap="0" gateswap="0" gate="1" group="1" side="" type="Any" name="X0D08" />
    <comppin designator="40" sympin="40" pinswap="0" gateswap="0" gate="1" group="1" side="" type="Any" name="X0D09" />
    <comppin designator="41" sympin="41" pinswap="0" gateswap="0" gate="1" group="1" side="" type="Any" name="VDD_6" />
    <comppin designator="42" sympin="42" pinswap="0" gateswap="0" gate="1" group="1" side="" type="Any" name="VDDIOL_5" />
    <comppin designator="43" sympin="43" pinswap="0" gateswap="0" gate="1" group="1" side="" type="Any" name="USB_ID" />
    <comppin designator="44" sympin="44" pinswap="0" gateswap="0" gate="1" group="1" side="" type="Any" name="USB_VDD33" />
    <comppin designator="45" sympin="45" pinswap="0" gateswap="0" gate="1" group="1" side="" type="Any" name="USB_VBUS" />
    <comppin designator="46" sympin="46" pinswap="0" gateswap="0" gate="1" group="1" side="" type="Any" name="USB_DP" />
    <comppin designator="47" sympin="47" pinswap="0" gateswap="0" gate="1" group="1" side="" type="Any" name="USB_DM" />
    <comppin designator="48" sympin="48" pinswap="0" gateswap="0" gate="1" group="1" side="" type="Any" name="USB_RTUNE" />
    <comppin designator="49" sympin="49" pinswap="0" gateswap="0" gate="1" group="1" side="" type="Any" name="USB_VDD" />
    <comppin designator="50" sympin="50" pinswap="0" gateswap="0" gate="1" group="1" side="" type="Any" name="NC_1" />
    <comppin designator="51" sympin="51" pinswap="0" gateswap="0" gate="1" group="1" side="" type="Any" name="X1D14" />
    <comppin designator="52" sympin="52" pinswap="0" gateswap="0" gate="1" group="1" side="" type="Any" name="VDDIOR_1" />
    <comppin designator="53" sympin="53" pinswap="0" gateswap="0" gate="1" group="1" side="" type="Any" name="X1D15" />
    <comppin designator="54" sympin="54" pinswap="0" gateswap="0" gate="1" group="1" side="" type="Any" name="X1D20" />
    <comppin designator="55" sympin="55" pinswap="0" gateswap="0" gate="1" group="1" side="" type="Any" name="X1D21" />
    <comppin designator="56" sympin="56" pinswap="0" gateswap="0" gate="1" group="1" side="" type="Any" name="VDD_7" />
    <comppin designator="57" sympin="57" pinswap="0" gateswap="0" gate="1" group="1" side="" type="Any" name="X0D14" />
    <comppin designator="58" sympin="58" pinswap="0" gateswap="0" gate="1" group="1" side="" type="Any" name="X0D15" />
    <comppin designator="59" sympin="59" pinswap="0" gateswap="0" gate="1" group="1" side="" type="Any" name="X0D20" />
    <comppin designator="60" sympin="60" pinswap="0" gateswap="0" gate="1" group="1" side="" type="Any" name="VDD_8" />
    <comppin designator="61" sympin="61" pinswap="0" gateswap="0" gate="1" group="1" side="" type="Any" name="X0D21" />
    <comppin designator="62" sympin="62" pinswap="0" gateswap="0" gate="1" group="1" side="" type="Any" name="X0D12" />
    <comppin designator="63" sympin="63" pinswap="0" gateswap="0" gate="1" group="1" side="" type="Any" name="X0D13" />
    <comppin designator="64" sympin="64" pinswap="0" gateswap="0" gate="1" group="1" side="" type="Any" name="X0D22" />
    <comppin designator="65" sympin="65" pinswap="0" gateswap="0" gate="1" group="1" side="" type="Any" name="NC_2" />
    <comppin designator="66" sympin="66" pinswap="0" gateswap="0" gate="1" group="1" side="" type="Any" name="X0D23" />
    <comppin designator="67" sympin="67" pinswap="0" gateswap="0" gate="1" group="1" side="" type="Any" name="VDDIOR_2" />
    <comppin designator="68" sympin="68" pinswap="0" gateswap="0" gate="1" group="1" side="" type="Any" name="X0D16" />
    <comppin designator="69" sympin="69" pinswap="0" gateswap="0" gate="1" group="1" side="" type="Any" name="X0D17" />
    <comppin designator="70" sympin="70" pinswap="0" gateswap="0" gate="1" group="1" side="" type="Any" name="X0D18" />
    <comppin designator="71" sympin="71" pinswap="0" gateswap="0" gate="1" group="1" side="" type="Any" name="X0D19" />
    <comppin designator="72" sympin="72" pinswap="0" gateswap="0" gate="1" group="1" side="" type="Any" name="X1D02" />
    <comppin designator="73" sympin="73" pinswap="0" gateswap="0" gate="1" group="1" side="" type="Any" name="VDD_9" />
    <comppin designator="74" sympin="74" pinswap="0" gateswap="0" gate="1" group="1" side="" type="Any" name="X1D03" />
    <comppin designator="75" sympin="75" pinswap="0" gateswap="0" gate="1" group="1" side="" type="Any" name="X1D04" />
    <comppin designator="76" sympin="76" pinswap="0" gateswap="0" gate="1" group="1" side="" type="Any" name="X1D05" />
    <comppin designator="77" sympin="77" pinswap="0" gateswap="0" gate="1" group="1" side="" type="Any" name="X1D06" />
    <comppin designator="78" sympin="78" pinswap="0" gateswap="0" gate="1" group="1" side="" type="Any" name="VDDIOR_3" />
    <comppin designator="79" sympin="79" pinswap="0" gateswap="0" gate="1" group="1" side="" type="Any" name="X1D07" />
    <comppin designator="80" sympin="80" pinswap="0" gateswap="0" gate="1" group="1" side="" type="Any" name="VDD_10" />
    <comppin designator="81" sympin="81" pinswap="0" gateswap="0" gate="1" group="1" side="" type="Any" name="VDD_11" />
    <comppin designator="82" sympin="82" pinswap="0" gateswap="0" gate="1" group="1" side="" type="Any" name="X1D08" />
    <comppin designator="83" sympin="83" pinswap="0" gateswap="0" gate="1" group="1" side="" type="Any" name="VDDIOR_4" />
    <comppin designator="84" sympin="84" pinswap="0" gateswap="0" gate="1" group="1" side="" type="Any" name="X1D09" />
    <comppin designator="85" sympin="85" pinswap="0" gateswap="0" gate="1" group="1" side="" type="Any" name="X1D00" />
    <comppin designator="86" sympin="86" pinswap="0" gateswap="0" gate="1" group="1" side="" type="Any" name="X1D01" />
    <comppin designator="87" sympin="87" pinswap="0" gateswap="0" gate="1" group="1" side="" type="Any" name="VDD_12" />
    <comppin designator="88" sympin="88" pinswap="0" gateswap="0" gate="1" group="1" side="" type="Any" name="X0D24" />
    <comppin designator="89" sympin="89" pinswap="0" gateswap="0" gate="1" group="1" side="" type="Any" name="X0D25" />
    <comppin designator="90" sympin="90" pinswap="0" gateswap="0" gate="1" group="1" side="" type="Any" name="X0D34" />
    <comppin designator="91" sympin="91" pinswap="0" gateswap="0" gate="1" group="1" side="" type="Any" name="X0D35" />
    <comppin designator="92" sympin="92" pinswap="0" gateswap="0" gate="1" group="1" side="" type="Any" name="VDDIOR_5" />
    <comppin designator="93" sympin="93" pinswap="0" gateswap="0" gate="1" group="1" side="" type="Any" name="X0D26" />
    <comppin designator="94" sympin="94" pinswap="0" gateswap="0" gate="1" group="1" side="" type="Any" name="X0D27" />
    <comppin designator="95" sympin="95" pinswap="0" gateswap="0" gate="1" group="1" side="" type="Any" name="X0D32" />
    <comppin designator="96" sympin="96" pinswap="0" gateswap="0" gate="1" group="1" side="" type="Any" name="X0D28" />
    <comppin designator="97" sympin="97" pinswap="0" gateswap="0" gate="1" group="1" side="" type="Any" name="X0D33" />
    <comppin designator="98" sympin="98" pinswap="0" gateswap="0" gate="1" group="1" side="" type="Any" name="X0D29" />
    <comppin designator="99" sympin="99" pinswap="0" gateswap="0" gate="1" group="1" side="" type="Any" name="X0D30" />
    <comppin designator="100" sympin="100" pinswap="0" gateswap="0" gate="1" group="1" side="" type="Any" name="X0D31" />
    <comppin designator="101" sympin="101" pinswap="0" gateswap="0" gate="1" group="1" side="" type="Any" name="VDD_13" />
    <comppin designator="102" sympin="102" pinswap="0" gateswap="0" gate="1" group="1" side="" type="Any" name="VDD_14" />
    <comppin designator="103" sympin="103" pinswap="0" gateswap="0" gate="1" group="1" side="" type="Any" name="PLL_AVDD" />
    <comppin designator="104" sympin="104" pinswap="0" gateswap="0" gate="1" group="1" side="" type="Any" name="PLL_AGND" />
    <comppin designator="105" sympin="105" pinswap="0" gateswap="0" gate="1" group="1" side="" type="Any" name="OTP_VCC" />
    <comppin designator="106" sympin="106" pinswap="0" gateswap="0" gate="1" group="1" side="" type="Any" name="X1D40" />
    <comppin designator="107" sympin="107" pinswap="0" gateswap="0" gate="1" group="1" side="" type="Any" name="X1D41" />
    <comppin designator="108" sympin="108" pinswap="0" gateswap="0" gate="1" group="1" side="" type="Any" name="X1D42" />
    <comppin designator="109" sympin="109" pinswap="0" gateswap="0" gate="1" group="1" side="" type="Any" name="X1D43" />
    <comppin designator="110" sympin="110" pinswap="0" gateswap="0" gate="1" group="1" side="" type="Any" name="VDDIOT_1" />
    <comppin designator="111" sympin="111" pinswap="0" gateswap="0" gate="1" group="1" side="" type="Any" name="VDDIOT_2" />
    <comppin designator="112" sympin="112" pinswap="0" gateswap="0" gate="1" group="1" side="" type="Any" name="X1D26" />
    <comppin designator="113" sympin="113" pinswap="0" gateswap="0" gate="1" group="1" side="" type="Any" name="X1D27" />
    <comppin designator="114" sympin="114" pinswap="0" gateswap="0" gate="1" group="1" side="" type="Any" name="X1D28" />
    <comppin designator="115" sympin="115" pinswap="0" gateswap="0" gate="1" group="1" side="" type="Any" name="X1D29" />
    <comppin designator="116" sympin="116" pinswap="0" gateswap="0" gate="1" group="1" side="" type="Any" name="X1D30" />
    <comppin designator="117" sympin="117" pinswap="0" gateswap="0" gate="1" group="1" side="" type="Any" name="X1D31" />
    <comppin designator="118" sympin="118" pinswap="0" gateswap="0" gate="1" group="1" side="" type="Any" name="X1D32" />
    <comppin designator="119" sympin="119" pinswap="0" gateswap="0" gate="1" group="1" side="" type="Any" name="X1D33" />
    <comppin designator="120" sympin="120" pinswap="0" gateswap="0" gate="1" group="1" side="" type="Any" name="VDD_15" />
    <comppin designator="121" sympin="121" pinswap="0" gateswap="0" gate="1" group="1" side="" type="Any" name="X1D10" />
    <comppin designator="122" sympin="122" pinswap="0" gateswap="0" gate="1" group="1" side="" type="Any" name="X1D11" />
    <comppin designator="123" sympin="123" pinswap="0" gateswap="0" gate="1" group="1" side="" type="Any" name="TRST_N" />
    <comppin designator="124" sympin="124" pinswap="0" gateswap="0" gate="1" group="1" side="" type="Any" name="RST_N" />
    <comppin designator="125" sympin="125" pinswap="0" gateswap="0" gate="1" group="1" side="" type="Any" name="CLK" />
    <comppin designator="126" sympin="126" pinswap="0" gateswap="0" gate="1" group="1" side="" type="Any" name="VDD_16" />
    <comppin designator="127" sympin="127" pinswap="0" gateswap="0" gate="1" group="1" side="" type="Any" name="TMS" />
    <comppin designator="128" sympin="128" pinswap="0" gateswap="0" gate="1" group="1" side="" type="Any" name="TCK" />
    <comppin designator="129" sympin="129" pinswap="0" gateswap="0" gate="1" group="1" side="" type="Any" name="GND" />
    <attached_symbol gate="1" name="XVF3000-TQ128-C" />
    <pinmap designator="1" footprintpin="1" />
    <pinmap designator="2" footprintpin="2" />
    <pinmap designator="3" footprintpin="3" />
    <pinmap designator="4" footprintpin="4" />
    <pinmap designator="5" footprintpin="5" />
    <pinmap designator="6" footprintpin="6" />
    <pinmap designator="7" footprintpin="7" />
    <pinmap designator="8" footprintpin="8" />
    <pinmap designator="9" footprintpin="9" />
    <pinmap designator="10" footprintpin="10" />
    <pinmap designator="11" footprintpin="11" />
    <pinmap designator="12" footprintpin="12" />
    <pinmap designator="13" footprintpin="13" />
    <pinmap designator="14" footprintpin="14" />
    <pinmap designator="15" footprintpin="15" />
    <pinmap designator="16" footprintpin="16" />
    <pinmap designator="17" footprintpin="17" />
    <pinmap designator="18" footprintpin="18" />
    <pinmap designator="19" footprintpin="19" />
    <pinmap designator="20" footprintpin="20" />
    <pinmap designator="21" footprintpin="21" />
    <pinmap designator="22" footprintpin="22" />
    <pinmap designator="23" footprintpin="23" />
    <pinmap designator="24" footprintpin="24" />
    <pinmap designator="25" footprintpin="25" />
    <pinmap designator="26" footprintpin="26" />
    <pinmap designator="27" footprintpin="27" />
    <pinmap designator="28" footprintpin="28" />
    <pinmap designator="29" footprintpin="29" />
    <pinmap designator="30" footprintpin="30" />
    <pinmap designator="31" footprintpin="31" />
    <pinmap designator="32" footprintpin="32" />
    <pinmap designator="33" footprintpin="33" />
    <pinmap designator="34" footprintpin="34" />
    <pinmap designator="35" footprintpin="35" />
    <pinmap designator="36" footprintpin="36" />
    <pinmap designator="37" footprintpin="37" />
    <pinmap designator="38" footprintpin="38" />
    <pinmap designator="39" footprintpin="39" />
    <pinmap designator="40" footprintpin="40" />
    <pinmap designator="41" footprintpin="41" />
    <pinmap designator="42" footprintpin="42" />
    <pinmap designator="43" footprintpin="43" />
    <pinmap designator="44" footprintpin="44" />
    <pinmap designator="45" footprintpin="45" />
    <pinmap designator="46" footprintpin="46" />
    <pinmap designator="47" footprintpin="47" />
    <pinmap designator="48" footprintpin="48" />
    <pinmap designator="49" footprintpin="49" />
    <pinmap designator="50" footprintpin="50" />
    <pinmap designator="51" footprintpin="51" />
    <pinmap designator="52" footprintpin="52" />
    <pinmap designator="53" footprintpin="53" />
    <pinmap designator="54" footprintpin="54" />
    <pinmap designator="55" footprintpin="55" />
    <pinmap designator="56" footprintpin="56" />
    <pinmap designator="57" footprintpin="57" />
    <pinmap designator="58" footprintpin="58" />
    <pinmap designator="59" footprintpin="59" />
    <pinmap designator="60" footprintpin="60" />
    <pinmap designator="61" footprintpin="61" />
    <pinmap designator="62" footprintpin="62" />
    <pinmap designator="63" footprintpin="63" />
    <pinmap designator="64" footprintpin="64" />
    <pinmap designator="65" footprintpin="65" />
    <pinmap designator="66" footprintpin="66" />
    <pinmap designator="67" footprintpin="67" />
    <pinmap designator="68" footprintpin="68" />
    <pinmap designator="69" footprintpin="69" />
    <pinmap designator="70" footprintpin="70" />
    <pinmap designator="71" footprintpin="71" />
    <pinmap designator="72" footprintpin="72" />
    <pinmap designator="73" footprintpin="73" />
    <pinmap designator="74" footprintpin="74" />
    <pinmap designator="75" footprintpin="75" />
    <pinmap designator="76" footprintpin="76" />
    <pinmap designator="77" footprintpin="77" />
    <pinmap designator="78" footprintpin="78" />
    <pinmap designator="79" footprintpin="79" />
    <pinmap designator="80" footprintpin="80" />
    <pinmap designator="81" footprintpin="81" />
    <pinmap designator="82" footprintpin="82" />
    <pinmap designator="83" footprintpin="83" />
    <pinmap designator="84" footprintpin="84" />
    <pinmap designator="85" footprintpin="85" />
    <pinmap designator="86" footprintpin="86" />
    <pinmap designator="87" footprintpin="87" />
    <pinmap designator="88" footprintpin="88" />
    <pinmap designator="89" footprintpin="89" />
    <pinmap designator="90" footprintpin="90" />
    <pinmap designator="91" footprintpin="91" />
    <pinmap designator="92" footprintpin="92" />
    <pinmap designator="93" footprintpin="93" />
    <pinmap designator="94" footprintpin="94" />
    <pinmap designator="95" footprintpin="95" />
    <pinmap designator="96" footprintpin="96" />
    <pinmap designator="97" footprintpin="97" />
    <pinmap designator="98" footprintpin="98" />
    <pinmap designator="99" footprintpin="99" />
    <pinmap designator="100" footprintpin="100" />
    <pinmap designator="101" footprintpin="101" />
    <pinmap designator="102" footprintpin="102" />
    <pinmap designator="103" footprintpin="103" />
    <pinmap designator="104" footprintpin="104" />
    <pinmap designator="105" footprintpin="105" />
    <pinmap designator="106" footprintpin="106" />
    <pinmap designator="107" footprintpin="107" />
    <pinmap designator="108" footprintpin="108" />
    <pinmap designator="109" footprintpin="109" />
    <pinmap designator="110" footprintpin="110" />
    <pinmap designator="111" footprintpin="111" />
    <pinmap designator="112" footprintpin="112" />
    <pinmap designator="113" footprintpin="113" />
    <pinmap designator="114" footprintpin="114" />
    <pinmap designator="115" footprintpin="115" />
    <pinmap designator="116" footprintpin="116" />
    <pinmap designator="117" footprintpin="117" />
    <pinmap designator="118" footprintpin="118" />
    <pinmap designator="119" footprintpin="119" />
    <pinmap designator="120" footprintpin="120" />
    <pinmap designator="121" footprintpin="121" />
    <pinmap designator="122" footprintpin="122" />
    <pinmap designator="123" footprintpin="123" />
    <pinmap designator="124" footprintpin="124" />
    <pinmap designator="125" footprintpin="125" />
    <pinmap designator="126" footprintpin="126" />
    <pinmap designator="127" footprintpin="127" />
    <pinmap designator="128" footprintpin="128" />
    <pinmap designator="129" footprintpin="129" />
    <text name="Datasheet" originx="0" originy="0" style="Default" rotation="0" justify="" flipped="False" hidden="True" data="https://datasheet.datasheetarchive.com/originals/distributors/DKDS-37/730530.pdf" />
    <text name="Description" originx="0" originy="0" style="Default" rotation="0" justify="" flipped="False" hidden="True" data="IC PROC 32BIT VOICE XCORE TQ128" />
    <text name="Manufacturer_Name" originx="0" originy="0" style="Default" rotation="0" justify="" flipped="False" hidden="True" data="XMOS" />
    <text name="Manufacturer_Part_Number" originx="3650" originy="700" style="Default" rotation="0" justify="left" flipped="False" hidden="False" data="XVF3000-TQ128-C" />
    <text name="Mouser Part Number" originx="0" originy="0" style="Default" rotation="0" justify="" flipped="False" hidden="True" data="" />
    <text name="Mouser Price/Stock" originx="0" originy="0" style="Default" rotation="0" justify="" flipped="False" hidden="True" data="" />
    <text name="Arrow Part Number" originx="0" originy="0" style="Default" rotation="0" justify="" flipped="False" hidden="True" data="" />
    <text name="Arrow Price/Stock" originx="0" originy="0" style="Default" rotation="0" justify="" flipped="False" hidden="True" data="" />
  </component>
</quadcept_library>
